"Carimbo de data/hora","Em que período você se encontra?","Que curso você faz?","Em que campus você estuda?","Você acredita que as vagas ofertadas no RAE foram suficientes?","Com relação às disciplinas que queria cursar, você conseguiu se matricular em:","No geral, você acha o RAE:","Você acredita que o seu desempenho no RAE, em comparação com o presencial:","Na sua opinião, a qualidade do ensino no RAE, em comparação com o presencial, é:","Você acredita que o RAE afetou sua saúde mental para:","No que diz respeito a dificuldades técnicas (queda de internet ou energia, indisponibilidade de equipamento etc), você passa por elas:","Na sua opinião, os professores são tolerantes com imprevistos que impossibilitem a realização de atividades?","No geral, você acha que essas dificuldades prejudicam o seu desempenho?","Em geral, você acha que a atuação dos professores no RAE é/está sendo:","Na sua experiência, o atendimento individual dos professores aos alunos está sendo:","Na sua opinião, em comparação com o regime presencial, no RAE os professores estão:","No geral, em comparação com o regime presencial, você acha que o volume de atividades exigidas no RAE é:","Você julga esse volume de atividades abusivo?","Como você avalia a atuação da UFCG diante da pandemia?","Como você avalia o desempenho da coordenação do seu curso no atendimento e suporte aos estudantes no RAE?"
"2020/10/26 6:56:03 PM GMT-3","5","Engenharia Mecânica","Campina Grande","Não sei/Não quero responder","Algumas","Bom","Não mudou","Igual","Pior","Raramente","Sim","Sim","Boa","Bom","Tão exigentes quanto","Maior","Não","Boa","Bom"
"2020/10/26 7:38:08 PM GMT-3","4","Psicologia","Campina Grande","Não","Algumas","Razoável","Não mudou","Pior","Pior","Raramente","Sim","Sim","Razoável","Razoável","Menos exigentes","Muito maior","Sim","Ruim","Bom"
"2020/10/26 7:41:30 PM GMT-3","5","Engenharia Civil","Campina Grande","Não","Algumas","Razoável","Melhorou","Pior","Não afetou","Raramente","Sim","Não passo por essas dificuldades","Boa","Inexistente","Tão exigentes quanto","Igual","Não","Não sei/Não quero responder","Não sei/Não quero responder"
"2020/10/26 8:18:58 PM GMT-3","7","Administração","Campina Grande","Sim","Todas","Excelente","Melhorou","Melhor","Não afetou","Raramente","Não sei/Não quero responder","Nao","Boa","Razoável","Tão exigentes quanto","Igual","Não","Péssima","Regular"
"2020/10/26 9:36:04 PM GMT-3","5","Estatística","Campina Grande","Não","Todas","Bom","Piorou","Pior","Não afetou","Nunca","Sim","Nao","Boa","Bom","Tão exigentes quanto","Maior","Não","Regular","Excelente"
"2020/10/26 11:20:31 PM GMT-3","1","Administração","Sousa","Não sei/Não quero responder","Todas","Razoável","Piorou","Pior","Não afetou","Frequentemente","Sim","Sim","Boa","Bom","Menos exigentes","Maior","Não","Regular","Bom"
"2020/10/26 11:24:20 PM GMT-3","2","Ciências Econômicas","Campina Grande","Sim","Algumas","Ruim","Piorou","Pior","Não afetou","Raramente","Sim","Nao","Péssima","Não sei/Não quero responder","Menos exigentes","Maior","Sim","Regular","Regular"
"2020/10/26 11:45:44 PM GMT-3","5","Engenharia Elétrica","Campina Grande","Não","Algumas","Razoável","Piorou","Pior","Não afetou","Raramente","Sim","Sim","Excelente","Insuficiente","Tão exigentes quanto","Muito maior","Não","Regular","Excelente"
"2020/10/27 7:35:28 AM GMT-3","1","Ciências Biológicas","Cajazeiras","Não","Algumas","Razoável","Não sei/Não quero responder","Pior","Pior","Raramente","Não","Sim","Razoável","Razoável","Mais exigentes","Muito maior","Sim","Boa","Excelente"
"2020/10/27 7:36:00 AM GMT-3","1","Ciências Biológicas","Cajazeiras","Não","Algumas","Razoável","Não sei/Não quero responder","Pior","Não sei/Não quero responder","Raramente","Não sei/Não quero responder","Não sei/Não quero responder","Razoável","Bom","Mais exigentes","Muito maior","Sim","Boa","Bom"
"2020/10/27 7:39:22 AM GMT-3","3","Ciências Biológicas","Cajazeiras","Não","Algumas","Razoável","Não mudou","Pior","Pior","Frequentemente","Não sei/Não quero responder","Sim","Boa","Razoável","Mais exigentes","Maior","Não","Regular","Regular"
"2020/10/27 7:52:55 AM GMT-3","3","Ciências Biológicas","Cajazeiras","Sim","Algumas","Bom","Piorou","Pior","Não sei/Não quero responder","Raramente","Sim","Sim","Boa","Razoável","Não sei/Não quero responder","Muito maior","Não sei/Não quero responder","Boa","Excelente"
"2020/10/27 8:11:54 AM GMT-3","7","Ciências Biológicas","Cajazeiras","Sim","Algumas","Razoável","Piorou","Pior","Não afetou","Frequentemente","Sim","Sim","Razoável","Insuficiente","Menos exigentes","Maior","Não","Regular","Bom"
"2020/10/27 8:30:01 AM GMT-3","10","Engenharia Elétrica","Campina Grande","Não","Algumas","Bom","Melhorou","Igual","Pior","Raramente","Sim","Sim","Boa","Bom","Mais exigentes","Muito maior","Sim","Péssima","Excelente"
"2020/10/27 8:30:59 AM GMT-3","3","Engenharia Elétrica","Campina Grande","Não","Algumas","Ruim","Piorou","Pior","Pior","Frequentemente","Não","Sim","Razoável","Inexistente","Mais exigentes","Maior","Sim","Regular","Excelente"
"2020/10/27 8:31:02 AM GMT-3","9","Engenharia Civil","Campina Grande","Não","Algumas","Ruim","Piorou","Pior","Pior","Raramente","Sim","Sim","Razoável","Não sei/Não quero responder","Tão exigentes quanto","Igual","Não sei/Não quero responder","Regular","Ruim"
"2020/10/27 8:31:32 AM GMT-3","6","Engenharia Elétrica","Campina Grande","Sim","Todas","Razoável","Melhorou","Igual","Não sei/Não quero responder","Frequentemente","Não","Não sei/Não quero responder","Razoável","Inexistente","Tão exigentes quanto","Igual","Sim","Regular","Regular"
"2020/10/27 8:32:19 AM GMT-3","7","Engenharia Elétrica","Campina Grande","Sim","Algumas","Razoável","Piorou","Pior","Não afetou","Frequentemente","Sim","Não sei/Não quero responder","Boa","Bom","Menos exigentes","Maior","Não","Boa","Excelente"
"2020/10/27 8:32:27 AM GMT-3","4","Engenharia Elétrica","Campina Grande","Não","Algumas","Bom","Não mudou","Pior","Pior","Raramente","Sim","Sim","Boa","Razoável","Menos exigentes","Maior","Não","Boa","Excelente"
"2020/10/27 8:33:15 AM GMT-3","3","Engenharia Elétrica","Campina Grande","Não","Todas","Péssimo","Piorou","Pior","Pior","Frequentemente","Não","Sim","Péssima","Inexistente","Tão exigentes quanto","Muito maior","Sim","Ruim","Bom"
"2020/10/27 8:33:47 AM GMT-3","5","Engenharia de Produção","Campina Grande","Sim","Todas","Bom","Melhorou","Igual","Não afetou","Raramente","Sim","Nao","Boa","Razoável","Tão exigentes quanto","Maior","Não","Ruim","Bom"
"2020/10/27 8:34:09 AM GMT-3","6","Engenharia Elétrica","Campina Grande","Sim","Todas","Razoável","Piorou","Pior","Não afetou","Raramente","Não","Sim","Razoável","Insuficiente","Tão exigentes quanto","Muito maior","Não","Regular","Excelente"
"2020/10/27 8:35:17 AM GMT-3","8","Engenharia Elétrica","Campina Grande","Não","Algumas","Bom","Não mudou","Não sei/Não quero responder","Melhor","Raramente","Sim","Nao","Boa","Insuficiente","Tão exigentes quanto","Maior","Sim","Regular","Excelente"
"2020/10/27 8:36:01 AM GMT-3","9","Ciências Biológicas","Cajazeiras","Não sei/Não quero responder","Algumas","Ruim","Piorou","Pior","Pior","Raramente","Sim","Nao","Razoável","Bom","Tão exigentes quanto","Muito maior","Sim","Regular","Bom"
"2020/10/27 8:37:25 AM GMT-3","4","Engenharia Elétrica","Campina Grande","Não","Todas","Razoável","Melhorou","Igual","Não afetou","Raramente","Não sei/Não quero responder","Não passo por essas dificuldades","Razoável","Bom","Mais exigentes","Igual","Não sei/Não quero responder","Péssima","Não sei/Não quero responder"
"2020/10/27 8:38:26 AM GMT-3","5","Engenharia Elétrica","Campina Grande","Sim","Todas","Bom","Melhorou","Igual","Melhor","Raramente","Sim","Não passo por essas dificuldades","Boa","Bom","Tão exigentes quanto","Maior","Não","Boa","Excelente"
"2020/10/27 8:39:23 AM GMT-3","7","Engenharia Elétrica","Campina Grande","Não","Algumas","Péssimo","Piorou","Pior","Pior","Frequentemente","Não","Sim","Péssima","Inexistente","Mais exigentes","Muito maior","Sim","Péssima","Regular"
"2020/10/27 8:40:06 AM GMT-3","9","Engenharia Elétrica","Campina Grande","Não","Todas","Ruim","Não mudou","Pior","Pior","Raramente","Não","Não passo por essas dificuldades","Ruim","Não sei/Não quero responder","Mais exigentes","Maior","Sim","Péssima","Não sei/Não quero responder"
"2020/10/27 8:41:03 AM GMT-3","10","Engenharia Elétrica","Campina Grande","Sim","Todas","Péssimo","Piorou","Pior","Pior","Frequentemente","Sim","Sim","Ruim","Inexistente","Mais exigentes","Maior","Sim","Péssima","Péssimo"
"2020/10/27 8:42:06 AM GMT-3","4","Engenharia Elétrica","Campina Grande","Não","Todas","Péssimo","Piorou","Igual","Pior","Frequentemente","Não","Sim","Péssima","Insuficiente","Mais exigentes","Muito maior","Sim","Ruim","Ruim"
"2020/10/27 8:42:12 AM GMT-3","5","Engenharia Elétrica","Campina Grande","Não","Algumas","Ruim","Piorou","Pior","Pior","Raramente","Sim","Nao","Ruim","Razoável","Mais exigentes","Muito maior","Não","Regular","Bom"
"2020/10/27 8:42:37 AM GMT-3","9","Engenharia Elétrica","Campina Grande","Sim","Algumas","Ruim","Piorou","Pior","Pior","Frequentemente","Não","Sim","Ruim","Razoável","Tão exigentes quanto","Muito maior","Sim","Péssima","Regular"
"2020/10/27 8:43:28 AM GMT-3","5","Engenharia Elétrica","Campina Grande","Não","Todas","Ruim","Não sei/Não quero responder","Pior","Pior","Raramente","Não","Não sei/Não quero responder","Péssima","Insuficiente","Tão exigentes quanto","Muito maior","Sim","Péssima","Ruim"
"2020/10/27 8:44:53 AM GMT-3","3","Engenharia Elétrica","Campina Grande","Não","Todas","Péssimo","Não mudou","Pior","Pior","Raramente","Sim","Sim","Ruim","Razoável","Mais exigentes","Muito maior","Sim","Regular","Excelente"
"2020/10/27 8:48:45 AM GMT-3","10","Engenharia Elétrica","Sousa","Não sei/Não quero responder","Todas","Excelente","Não mudou","Igual","Não afetou","Raramente","Sim","Nao","Razoável","Razoável","Tão exigentes quanto","Igual","Sim","Regular","Regular"
"2020/10/27 8:49:13 AM GMT-3","7","Engenharia Elétrica","Campina Grande","Não","Todas","Bom","Melhorou","Melhor","Não afetou","Frequentemente","Não","Sim","Razoável","Bom","Mais exigentes","Muito maior","Sim","Ruim","Excelente"
"2020/10/27 8:49:17 AM GMT-3","5","Engenharia Elétrica","Campina Grande","Sim","Todas","Ruim","Piorou","Igual","Pior","Raramente","Sim","Nao","Razoável","Não sei/Não quero responder","Tão exigentes quanto","Maior","Sim","Regular","Bom"
"2020/10/27 8:49:40 AM GMT-3","4","Engenharia Elétrica","Campina Grande","Não","Algumas","Razoável","Não mudou","Melhor","Pior","Raramente","Não sei/Não quero responder","Sim","Boa","Não sei/Não quero responder","Menos exigentes","Maior","Não sei/Não quero responder","Regular","Bom"
"2020/10/27 8:52:21 AM GMT-3","4","Engenharia Elétrica","Campina Grande","Não sei/Não quero responder","Todas","Bom","Melhorou","Melhor","Não afetou","Raramente","Sim","Nao","Boa","Insuficiente","Tão exigentes quanto","Igual","Não","Excelente","Excelente"
"2020/10/27 8:53:39 AM GMT-3","8","Engenharia Elétrica","Campina Grande","Não","Algumas","Razoável","Melhorou","Igual","Pior","Frequentemente","Não","Sim","Ruim","Insuficiente","Mais exigentes","Muito maior","Sim","Regular","Bom"
"2020/10/27 8:54:18 AM GMT-3","4","Engenharia Elétrica","Campina Grande","Não","Algumas","Ruim","Piorou","Pior","Pior","Frequentemente","Não","Sim","Razoável","Razoável","Tão exigentes quanto","Maior","Não sei/Não quero responder","Ruim","Excelente"
"2020/10/27 8:54:26 AM GMT-3","7","Engenharia Elétrica","Campina Grande","Sim","Algumas","Bom","Não mudou","Pior","Não afetou","Raramente","Sim","Não passo por essas dificuldades","Boa","Bom","Tão exigentes quanto","Maior","Não","Ruim","Regular"
"2020/10/27 8:54:28 AM GMT-3","9","Engenharia Elétrica","Campina Grande","Sim","Algumas","Razoável","Melhorou","Igual","Não afetou","Raramente","Não sei/Não quero responder","Não passo por essas dificuldades","Razoável","Razoável","Tão exigentes quanto","Maior","Não sei/Não quero responder","Boa","Não sei/Não quero responder"
"2020/10/27 8:56:16 AM GMT-3","9","Engenharia Elétrica","Campina Grande","Sim","Todas","Razoável","Não mudou","Igual","Não sei/Não quero responder","Raramente","Sim","Sim","Razoável","Não sei/Não quero responder","Mais exigentes","Muito maior","Sim","Ruim","Bom"
"2020/10/27 8:57:08 AM GMT-3","10","Engenharia Elétrica","Campina Grande","Não sei/Não quero responder","Todas","Ruim","Piorou","Pior","Pior","Raramente","Não","Não passo por essas dificuldades","Razoável","Inexistente","Tão exigentes quanto","Maior","Sim","Ruim","Regular"
"2020/10/27 8:57:26 AM GMT-3","7","Engenharia Elétrica","Campina Grande","Sim","Todas","Razoável","Não mudou","Igual","Melhor","Raramente","Sim","Não passo por essas dificuldades","Excelente","Bom","Mais exigentes","Muito maior","Sim","Boa","Excelente"
"2020/10/27 8:58:15 AM GMT-3","8","Engenharia Elétrica","Campina Grande","Não","Todas","Razoável","Melhorou","Não sei/Não quero responder","Pior","Frequentemente","Não","Sim","Razoável","Bom","Mais exigentes","Muito maior","Sim","Boa","Bom"
"2020/10/27 8:59:42 AM GMT-3","9","Engenharia Elétrica","Campina Grande","Não","Algumas","Bom","Melhorou","Igual","Melhor","Raramente","Não","Não passo por essas dificuldades","Ruim","Insuficiente","Tão exigentes quanto","Igual","Não","Péssima","Ruim"
"2020/10/27 9:00:35 AM GMT-3","5","Engenharia Elétrica","Campina Grande","Não","Algumas","Razoável","Piorou","Pior","Pior","Nunca","Não sei/Não quero responder","Não passo por essas dificuldades","Péssima","Bom","Tão exigentes quanto","Muito maior","Sim","Boa","Não sei/Não quero responder"
"2020/10/27 9:00:51 AM GMT-3","7","Engenharia Elétrica","Campina Grande","Sim","Algumas","Bom","Melhorou","Igual","Não afetou","Raramente","Não","Sim","Razoável","Razoável","Mais exigentes","Maior","Não","Ruim","Regular"
"2020/10/27 9:02:45 AM GMT-3","5","Engenharia Elétrica","Campina Grande","Não sei/Não quero responder","Algumas","Bom","Não mudou","Melhor","Melhor","Raramente","Sim","Nao","Boa","Razoável","Tão exigentes quanto","Igual","Não","Boa","Bom"
"2020/10/27 9:11:02 AM GMT-3","2","Engenharia Elétrica","Campina Grande","Não","Algumas","Razoável","Não mudou","Pior","Não afetou","Raramente","Sim","Não passo por essas dificuldades","Boa","Excelente","Tão exigentes quanto","Maior","Sim","Regular","Excelente"
"2020/10/27 9:12:35 AM GMT-3","5","Engenharia Elétrica","Campina Grande","Não","Todas","Péssimo","Melhorou","Pior","Pior","Raramente","Não","Sim","Ruim","Insuficiente","Mais exigentes","Muito maior","Sim","Ruim","Regular"
"2020/10/27 9:13:25 AM GMT-3","4","Engenharia Elétrica","Campina Grande","Sim","Algumas","Bom","Piorou","Igual","Não afetou","Raramente","Sim","Sim","Excelente","Insuficiente","Tão exigentes quanto","Maior","Não","Boa","Excelente"
"2020/10/27 9:16:27 AM GMT-3","9","Ciências Biológicas","Cajazeiras","Sim","Todas","Bom","Piorou","Pior","Pior","Raramente","Sim","Sim","Boa","Bom","Menos exigentes","Menor","Não sei/Não quero responder","Boa","Bom"
"2020/10/27 9:17:53 AM GMT-3","9","Engenharia Elétrica","Campina Grande","Sim","Algumas","Bom","Melhorou","Igual","Não afetou","Raramente","Não","Nao","Razoável","Razoável","Mais exigentes","Maior","Não","Regular","Bom"
"2020/10/27 9:21:27 AM GMT-3","10","Engenharia Elétrica","Campina Grande","Sim","Algumas","Bom","Não mudou","Pior","Melhor","Raramente","Não","Nao","Razoável","Razoável","Tão exigentes quanto","Maior","Não","Ruim","Não sei/Não quero responder"
"2020/10/27 9:22:24 AM GMT-3","7","Engenharia Elétrica","Campina Grande","Não","Algumas","Ruim","Piorou","Pior","Não afetou","Raramente","Sim","Nao","Razoável","Razoável","Menos exigentes","Muito maior","Não sei/Não quero responder","Péssima","Bom"
"2020/10/27 9:28:09 AM GMT-3","10","Engenharia Elétrica","Campina Grande","Não sei/Não quero responder","Todas","Bom","Melhorou","Pior","Melhor","Raramente","Sim","Sim","Boa","Bom","Tão exigentes quanto","Maior","Não","Regular","Excelente"
"2020/10/27 9:30:01 AM GMT-3","4","Engenharia Elétrica","Campina Grande","Não","Algumas","Ruim","Piorou","Pior","Pior","Frequentemente","Não sei/Não quero responder","Sim","Ruim","Inexistente","Mais exigentes","Maior","Sim","Regular","Bom"
"2020/10/27 9:32:32 AM GMT-3","4","Engenharia Elétrica","Campina Grande","Não","Algumas","Razoável","Piorou","Pior","Pior","Nunca","Sim","Sim","Razoável","Insuficiente","Tão exigentes quanto","Muito menor","Não","Excelente","Excelente"
"2020/10/27 9:33:54 AM GMT-3","8","Engenharia Elétrica","Campina Grande","Não","Algumas","Razoável","Piorou","Pior","Não afetou","Raramente","Não sei/Não quero responder","Sim","Boa","Não sei/Não quero responder","Mais exigentes","Maior","Não sei/Não quero responder","Regular","Excelente"
"2020/10/27 9:38:28 AM GMT-3","3","Engenharia Elétrica","Campina Grande","Sim","Algumas","Ruim","Piorou","Pior","Pior","Raramente","Não","Sim","Razoável","Razoável","Tão exigentes quanto","Maior","Sim","Péssima","Bom"
"2020/10/27 9:39:10 AM GMT-3","10","Engenharia Elétrica","Campina Grande","Sim","Todas","Excelente","Não mudou","Igual","Não afetou","Nunca","Não sei/Não quero responder","Não passo por essas dificuldades","Boa","Bom","Menos exigentes","Igual","Sim","Excelente","Excelente"
"2020/10/27 9:39:30 AM GMT-3","1","Engenharia Elétrica","Campina Grande","Não","Algumas","Ruim","Piorou","Pior","Pior","Frequentemente","Não","Sim","Razoável","Insuficiente","Tão exigentes quanto","Muito maior","Sim","Ruim","Bom"
"2020/10/27 9:42:18 AM GMT-3","9","Engenharia Elétrica","Campina Grande","Não","Algumas","Bom","Melhorou","Igual","Melhor","Nunca","Sim","Não passo por essas dificuldades","Boa","Bom","Menos exigentes","Igual","Não","Boa","Bom"
"2020/10/27 9:43:53 AM GMT-3","8","Engenharia Elétrica","Campina Grande","Não","Algumas","Bom","Piorou","Pior","Pior","Raramente","Sim","Sim","Boa","Razoável","Mais exigentes","Muito maior","Não","Boa","Excelente"
"2020/10/27 9:44:45 AM GMT-3","1","História","Cajazeiras","Não sei/Não quero responder","Não sei/Não quero responder","Razoável","Não sei/Não quero responder","Não sei/Não quero responder","Pior","Frequentemente","Não sei/Não quero responder","Não sei/Não quero responder","Não sei/Não quero responder","Não sei/Não quero responder","Não sei/Não quero responder","Não sei/Não quero responder","Não sei/Não quero responder","Não sei/Não quero responder","Não sei/Não quero responder"
"2020/10/27 9:44:55 AM GMT-3","4","História","Cajazeiras","Sim","Todas","Péssimo","Piorou","Pior","Pior","Frequentemente","Não","Sim","Boa","Bom","Tão exigentes quanto","Muito maior","Sim","Regular","Excelente"
"2020/10/27 9:46:25 AM GMT-3","7","História","Cajazeiras","Não","Algumas","Ruim","Não mudou","Pior","Não afetou","Frequentemente","Sim","Nao","Boa","Bom","Menos exigentes","Menor","Não","Regular","Excelente"
"2020/10/27 9:46:41 AM GMT-3","4","História","Cajazeiras","Sim","Todas","Péssimo","Piorou","Pior","Pior","Raramente","Sim","Sim","Boa","Bom","Tão exigentes quanto","Maior","Sim","Regular","Excelente"
"2020/10/27 9:47:18 AM GMT-3","9","História","Cajazeiras","Não","Todas","Razoável","Piorou","Pior","Pior","Raramente","Sim","Sim","Excelente","Bom","Menos exigentes","Maior","Não","Ruim","Excelente"
"2020/10/27 9:47:33 AM GMT-3","5","Engenharia Elétrica","Campina Grande","Sim","Todas","Ruim","Não mudou","Pior","Não afetou","Raramente","Sim","Sim","Ruim","Não sei/Não quero responder","Tão exigentes quanto","Maior","Sim","Ruim","Bom"
"2020/10/27 9:48:00 AM GMT-3","3","História","Cajazeiras","Sim","Todas","Razoável","Não sei/Não quero responder","Pior","Não sei/Não quero responder","Frequentemente","Não sei/Não quero responder","Sim","Razoável","Razoável","Não sei/Não quero responder","Não sei/Não quero responder","Não sei/Não quero responder","Regular","Não sei/Não quero responder"
"2020/10/27 9:48:09 AM GMT-3","5","Engenharia Elétrica","Campina Grande","Não","Algumas","Ruim","Piorou","Pior","Pior","Frequentemente","Não","Sim","Boa","Inexistente","Mais exigentes","Muito maior","Não sei/Não quero responder","Boa","Excelente"
"2020/10/27 9:48:40 AM GMT-3","5","História","Cajazeiras","Não sei/Não quero responder","Todas","Razoável","Piorou","Pior","Pior","Raramente","Sim","Não sei/Não quero responder","Boa","Excelente","Não sei/Não quero responder","Igual","Não sei/Não quero responder","Regular","Bom"
"2020/10/27 9:48:51 AM GMT-3","10","Engenharia Elétrica","Campina Grande","Sim","Todas","Bom","Não mudou","Pior","Pior","Raramente","Não","Sim","Boa","Insuficiente","Mais exigentes","Muito maior","Sim","Regular","Bom"
"2020/10/27 9:48:58 AM GMT-3","3","História","Cajazeiras","Sim","Todas","Razoável","Piorou","Pior","Não afetou","Frequentemente","Sim","Sim","Boa","Razoável","Menos exigentes","Igual","Não","Regular","Bom"
"2020/10/27 9:49:59 AM GMT-3","5","História","Cajazeiras","Não","Algumas","Ruim","Piorou","Pior","Não afetou","Frequentemente","Sim","Sim","Boa","Bom","Menos exigentes","Menor","Não","Regular","Excelente"
"2020/10/27 9:50:12 AM GMT-3","4","História","Cajazeiras","Sim","Todas","Ruim","Piorou","Igual","Pior","Frequentemente","Sim","Sim","Excelente","Excelente","Menos exigentes","Muito maior","Sim","Boa","Bom"
"2020/10/27 9:50:14 AM GMT-3","6","História","Cajazeiras","Não","Algumas","Ruim","Piorou","Pior","Pior","Frequentemente","Sim","Sim","Razoável","Razoável","Tão exigentes quanto","Muito maior","Sim","Ruim","Excelente"
"2020/10/27 9:51:49 AM GMT-3","5","História","Cajazeiras","Sim","Algumas","Razoável","Não sei/Não quero responder","Pior","Não afetou","Frequentemente","Sim","Não sei/Não quero responder","Excelente","Excelente","Tão exigentes quanto","Igual","Não","Boa","Excelente"
"2020/10/27 9:53:21 AM GMT-3","6","Engenharia Elétrica","Campina Grande","Sim","Todas","Razoável","Não mudou","Pior","Pior","Raramente","Não","Sim","Péssima","Insuficiente","Mais exigentes","Muito maior","Sim","Boa","Excelente"
"2020/10/27 9:54:05 AM GMT-3","1","História","Cajazeiras","Não","Todas","Razoável","Não mudou","Não sei/Não quero responder","Não afetou","Raramente","Não sei/Não quero responder","Não passo por essas dificuldades","Boa","Insuficiente","Não sei/Não quero responder","Igual","Não","Regular","Bom"
"2020/10/27 9:54:24 AM GMT-3","10","História","Cajazeiras","Não sei/Não quero responder","Todas","Razoável","Piorou","Pior","Não afetou","Raramente","Sim","Sim","Razoável","Insuficiente","Menos exigentes","Menor","Não","Regular","Excelente"
"2020/10/27 9:59:54 AM GMT-3","4","Engenharia Elétrica","Campina Grande","Não","Algumas","Péssimo","Piorou","Pior","Pior","Raramente","Não","Sim","Ruim","Razoável","Mais exigentes","Muito maior","Sim","Ruim","Regular"
"2020/10/27 10:01:51 AM GMT-3","8","Engenharia Elétrica","Campina Grande","Não","Algumas","Razoável","Não mudou","Igual","Não afetou","Raramente","Sim","Sim","Razoável","Insuficiente","Mais exigentes","Muito maior","Sim","Péssima","Regular"
"2020/10/27 10:04:05 AM GMT-3","6","História","Cajazeiras","Sim","Todas","Razoável","Piorou","Não sei/Não quero responder","Pior","Frequentemente","Não sei/Não quero responder","Sim","Boa","Bom","Não sei/Não quero responder","Maior","Não sei/Não quero responder","Não sei/Não quero responder","Bom"
"2020/10/27 10:04:15 AM GMT-3","5","Engenharia Elétrica","Campina Grande","Não","Algumas","Bom","Não mudou","Igual","Não afetou","Raramente","Não","Sim","Boa","Bom","Tão exigentes quanto","Maior","Não sei/Não quero responder","Boa","Excelente"
"2020/10/27 10:06:50 AM GMT-3","5","Engenharia Elétrica","Campina Grande","Não","Algumas","Ruim","Melhorou","Não sei/Não quero responder","Pior","Frequentemente","Não","Sim","Razoável","Insuficiente","Mais exigentes","Muito maior","Sim","Não sei/Não quero responder","Não sei/Não quero responder"
"2020/10/27 10:10:05 AM GMT-3","6","História","Cajazeiras","Não","Algumas","Razoável","Piorou","Pior","Pior","Nunca","Sim","Sim","Razoável","Bom","Tão exigentes quanto","Maior","Sim","Ruim","Regular"
"2020/10/27 10:10:19 AM GMT-3","5","Engenharia Elétrica","Campina Grande","Não","Todas","Razoável","Não mudou","Pior","Pior","Raramente","Não","Não passo por essas dificuldades","Ruim","Insuficiente","Mais exigentes","Muito maior","Sim","Ruim","Regular"
"2020/10/27 10:11:22 AM GMT-3","1","História","Cajazeiras","Sim","Não sei/Não quero responder","Razoável","Piorou","Pior","Não afetou","Raramente","Sim","Sim","Boa","Bom","Não sei/Não quero responder","Não sei/Não quero responder","Sim","Excelente","Bom"
"2020/10/27 10:11:51 AM GMT-3","9","Engenharia Elétrica","Campina Grande","Sim","Algumas","Razoável","Piorou","Pior","Pior","Raramente","Não","Sim","Razoável","Razoável","Mais exigentes","Muito maior","Sim","Regular","Excelente"
"2020/10/27 10:12:46 AM GMT-3","5","Engenharia Elétrica","Campina Grande","Não","Algumas","Bom","Não mudou","Pior","Pior","Raramente","Sim","Sim","Razoável","Insuficiente","Mais exigentes","Muito maior","Sim","Regular","Bom"
"2020/10/27 10:14:18 AM GMT-3","4","Engenharia Elétrica","Campina Grande","Não","Todas","Razoável","Piorou","Pior","Pior","Raramente","Não sei/Não quero responder","Sim","Razoável","Razoável","Mais exigentes","Muito maior","Não sei/Não quero responder","Ruim","Bom"
"2020/10/27 10:17:07 AM GMT-3","4","Engenharia Elétrica","Campina Grande","Não sei/Não quero responder","Todas","Ruim","Piorou","Pior","Pior","Raramente","Sim","Não sei/Não quero responder","Razoável","Inexistente","Mais exigentes","Muito maior","Sim","Péssima","Bom"
"2020/10/27 10:17:52 AM GMT-3","5","História","Cajazeiras","Não sei/Não quero responder","Algumas","Péssimo","Piorou","Pior","Pior","Frequentemente","Não sei/Não quero responder","Sim","Razoável","Razoável","Mais exigentes","Muito maior","Sim","Ruim","Bom"
"2020/10/27 10:21:49 AM GMT-3","8","Engenharia Elétrica","Campina Grande","Não","Algumas","Razoável","Não mudou","Pior","Pior","Raramente","Não sei/Não quero responder","Sim","Razoável","Razoável","Mais exigentes","Maior","Sim","Boa","Bom"
"2020/10/27 10:22:41 AM GMT-3","8","Engenharia Elétrica","Campina Grande","Não sei/Não quero responder","Algumas","Ruim","Piorou","Pior","Pior","Raramente","Sim","Nao","Ruim","Insuficiente","Mais exigentes","Muito maior","Sim","Regular","Ruim"
"2020/10/27 10:25:37 AM GMT-3","5","Psicologia","Campina Grande","Não","Algumas","Péssimo","Piorou","Pior","Pior","Raramente","Não sei/Não quero responder","Sim","Ruim","Inexistente","Menos exigentes","Maior","Sim","Péssima","Regular"
"2020/10/27 10:26:40 AM GMT-3","5","Engenharia Elétrica","Campina Grande","Não sei/Não quero responder","Todas","Razoável","Não mudou","Pior","Não afetou","Frequentemente","Não","Sim","Razoável","Insuficiente","Tão exigentes quanto","Muito maior","Sim","Regular","Não sei/Não quero responder"
"2020/10/27 10:31:26 AM GMT-3","8","Engenharia Elétrica","Campina Grande","Sim","Algumas","Razoável","Melhorou","Melhor","Não afetou","Raramente","Sim","Não sei/Não quero responder","Boa","Bom","Tão exigentes quanto","Maior","Não sei/Não quero responder","Não sei/Não quero responder","Bom"
"2020/10/27 10:39:06 AM GMT-3","9","Engenharia Elétrica","Campina Grande","Sim","Algumas","Razoável","Não mudou","Pior","Não afetou","Raramente","Não","Sim","Razoável","Não sei/Não quero responder","Menos exigentes","Maior","Não","Ruim","Bom"
"2020/10/27 10:39:43 AM GMT-3","6","História","Cajazeiras","Não sei/Não quero responder","Algumas","Péssimo","Piorou","Pior","Pior","Frequentemente","Não sei/Não quero responder","Sim","Boa","Razoável","Tão exigentes quanto","Maior","Não sei/Não quero responder","Regular","Bom"
"2020/10/27 10:42:20 AM GMT-3","3","Ciência da Computação","Campina Grande","Sim","Algumas","Razoável","Melhorou","Pior","Pior","Raramente","Não","Sim","Razoável","Insuficiente","Tão exigentes quanto","Maior","Sim","Regular","Bom"
"2020/10/27 10:43:45 AM GMT-3","5","Engenharia Elétrica","Campina Grande","Não","Algumas","Bom","Piorou","Igual","Melhor","Nunca","Não","Não passo por essas dificuldades","Razoável","Razoável","Mais exigentes","Maior","Não","Péssima","Excelente"
"2020/10/27 10:52:53 AM GMT-3","2","Design","Campina Grande","Não","Algumas","Ruim","Piorou","Pior","Não sei/Não quero responder","Frequentemente","Sim","Sim","Razoável","Insuficiente","Não sei/Não quero responder","Maior","Não sei/Não quero responder","Regular","Ruim"
"2020/10/27 10:53:11 AM GMT-3","2","Design","Campina Grande","Não","Algumas","Ruim","Piorou","Pior","Pior","Raramente","Sim","Sim","Razoável","Insuficiente","Menos exigentes","Maior","Não","Regular","Bom"
"2020/10/27 10:54:18 AM GMT-3","6","Design","Campina Grande","Não sei/Não quero responder","Algumas","Razoável","Não sei/Não quero responder","Igual","Não sei/Não quero responder","Frequentemente","Sim","Nao","Boa","Razoável","Tão exigentes quanto","Maior","Não sei/Não quero responder","Regular","Ruim"
"2020/10/27 10:54:43 AM GMT-3","3","Design","Campina Grande","Não","Algumas","Razoável","Não mudou","Não sei/Não quero responder","Pior","Frequentemente","Sim","Sim","Boa","Bom","Mais exigentes","Maior","Não","Regular","Regular"
"2020/10/27 10:54:59 AM GMT-3","9","Engenharia Elétrica","Campina Grande","Não","Todas","Bom","Não mudou","Pior","Melhor","Raramente","Sim","Nao","Excelente","Bom","Não sei/Não quero responder","Maior","Sim","Péssima","Regular"
"2020/10/27 10:55:07 AM GMT-3","7","Design","Campina Grande","Sim","Todas","Razoável","Não mudou","Pior","Não afetou","Raramente","Sim","Sim","Razoável","Razoável","Mais exigentes","Maior","Não","Regular","Bom"
"2020/10/27 10:55:13 AM GMT-3","6","História","Cajazeiras","Sim","Todas","Bom","Não mudou","Pior","Não afetou","Raramente","Sim","Sim","Boa","Bom","Mais exigentes","Muito maior","Não sei/Não quero responder","Boa","Bom"
"2020/10/27 10:55:44 AM GMT-3","8","Design","Campina Grande","Sim","Algumas","Ruim","Piorou","Pior","Pior","Nunca","Sim","Nao","Péssima","Inexistente","Menos exigentes","Menor","Não","Regular","Excelente"
"2020/10/27 10:56:07 AM GMT-3","7","Design","Campina Grande","Sim","Todas","Bom","Não mudou","Igual","Pior","Raramente","Sim","Não passo por essas dificuldades","Boa","Bom","Menos exigentes","Menor","Não","Ruim","Excelente"
"2020/10/27 10:56:09 AM GMT-3","2","Design","Campina Grande","Sim","Algumas","Razoável","Não mudou","Igual","Melhor","Raramente","Sim","Sim","Boa","Razoável","Tão exigentes quanto","Igual","Não","Regular","Bom"
"2020/10/27 10:56:17 AM GMT-3","2","Design","Campina Grande","Sim","Algumas","Bom","Melhorou","Melhor","Não afetou","Raramente","Não","Sim","Razoável","Razoável","Mais exigentes","Maior","Sim","Boa","Bom"
"2020/10/27 10:57:04 AM GMT-3","1","Design","Campina Grande","Não sei/Não quero responder","Não sei/Não quero responder","Não sei/Não quero responder","Não sei/Não quero responder","Não sei/Não quero responder","Não sei/Não quero responder","Não sei/Não quero responder","Não sei/Não quero responder","Não sei/Não quero responder","Não sei/Não quero responder","Não sei/Não quero responder","Não sei/Não quero responder","Não sei/Não quero responder","Não sei/Não quero responder","Não sei/Não quero responder","Não sei/Não quero responder"
"2020/10/27 10:57:14 AM GMT-3","10","História","Cajazeiras","Sim","Todas","Bom","Não mudou","Igual","Pior","Frequentemente","Sim","Sim","Boa","Bom","Tão exigentes quanto","Maior","Sim","Boa","Bom"
"2020/10/27 10:59:23 AM GMT-3","4","Psicologia","Campina Grande","Não","Algumas","Ruim","Piorou","Pior","Pior","Frequentemente","Sim","Sim","Razoável","Razoável","Tão exigentes quanto","Maior","Não sei/Não quero responder","Ruim","Regular"
"2020/10/27 10:59:35 AM GMT-3","7","Design","Campina Grande","Sim","Algumas","Bom","Não mudou","Pior","Melhor","Frequentemente","Sim","Sim","Boa","Inexistente","Tão exigentes quanto","Muito maior","Sim","Regular","Bom"
"2020/10/27 11:00:01 AM GMT-3","4","Design","Campina Grande","Sim","Algumas","Não sei/Não quero responder","Piorou","Não sei/Não quero responder","Não sei/Não quero responder","Raramente","Sim","Não passo por essas dificuldades","Boa","Razoável","Tão exigentes quanto","Maior","Não sei/Não quero responder","Regular","Regular"
"2020/10/27 11:03:47 AM GMT-3","5","História","Cajazeiras","Não sei/Não quero responder","Todas","Razoável","Piorou","Pior","Não afetou","Frequentemente","Sim","Sim","Boa","Bom","Menos exigentes","Não sei/Não quero responder","Não sei/Não quero responder","Boa","Bom"
"2020/10/27 11:08:18 AM GMT-3","1","História","Cajazeiras","Não sei/Não quero responder","Todas","Razoável","Piorou","Pior","Não afetou","Raramente","Sim","Sim","Boa","Razoável","Tão exigentes quanto","Menor","Não","Boa","Bom"
"2020/10/27 11:09:00 AM GMT-3","1","História","Cajazeiras","Não","Todas","Ruim","Piorou","Pior","Pior","Frequentemente","Sim","Sim","Boa","Razoável","Mais exigentes","Maior","Sim","Ruim","Excelente"
"2020/10/27 11:10:36 AM GMT-3","4","Design","Campina Grande","Sim","Algumas","Péssimo","Piorou","Pior","Pior","Frequentemente","Sim","Sim","Boa","Bom","Mais exigentes","Maior","Não","Ruim","Bom"
"2020/10/27 11:10:39 AM GMT-3","3","Engenharia Elétrica","Campina Grande","Não","Algumas","Bom","Melhorou","Melhor","Não afetou","Raramente","Sim","Nao","Boa","Bom","Menos exigentes","Igual","Não","Boa","Excelente"
"2020/10/27 11:12:14 AM GMT-3","1","Design","Campina Grande","Não","Algumas","Razoável","Não mudou","Pior","Não afetou","Raramente","Sim","Sim","Excelente","Bom","Tão exigentes quanto","Igual","Não","Regular","Bom"
"2020/10/27 11:12:42 AM GMT-3","3","Estatística","Campina Grande","Não","Todas","Ruim","Não mudou","Pior","Não afetou","Raramente","Não","Sim","Péssima","Insuficiente","Mais exigentes","Muito maior","Sim","Regular","Excelente"
"2020/10/27 11:12:44 AM GMT-3","4","Estatística","Campina Grande","Não","Algumas","Não sei/Não quero responder","Piorou","Pior","Pior","Não sei/Não quero responder","Não","Sim","Ruim","Inexistente","Mais exigentes","Muito maior","Sim","Regular","Excelente"
"2020/10/27 11:14:04 AM GMT-3","4","Design","Campina Grande","Não","Algumas","Razoável","Piorou","Pior","Pior","Raramente","Sim","Sim","Excelente","Bom","Tão exigentes quanto","Igual","Não","Regular","Bom"
"2020/10/27 11:15:17 AM GMT-3","7","Estatística","Campina Grande","Não","Algumas","Não sei/Não quero responder","Não sei/Não quero responder","Não sei/Não quero responder","Não afetou","Raramente","Sim","Não sei/Não quero responder","Razoável","Razoável","Menos exigentes","Não sei/Não quero responder","Não sei/Não quero responder","Boa","Bom"
"2020/10/27 11:15:57 AM GMT-3","6","Design","Campina Grande","Sim","Todas","Bom","Não mudou","Igual","Não afetou","Raramente","Sim","Nao","Razoável","Insuficiente","Menos exigentes","Menor","Não","Ruim","Excelente"
"2020/10/27 11:16:31 AM GMT-3","6","Estatística","Campina Grande","Não","Todas","Razoável","Piorou","Pior","Pior","Frequentemente","Não","Sim","Razoável","Insuficiente","Mais exigentes","Muito maior","Sim","Regular","Excelente"
"2020/10/27 11:19:36 AM GMT-3","5","Estatística","Campina Grande","Sim","Todas","Bom","Não mudou","Igual","Não afetou","Raramente","Não","Não passo por essas dificuldades","Boa","Insuficiente","Mais exigentes","Muito maior","Sim","Péssima","Bom"
"2020/10/27 11:24:04 AM GMT-3","8","Estatística","Campina Grande","Sim","Algumas","Bom","Não mudou","Igual","Não afetou","Nunca","Sim","Nao","Excelente","Excelente","Tão exigentes quanto","Igual","Não","Boa","Bom"
"2020/10/27 11:24:48 AM GMT-3","1","Estatística","Campina Grande","Não","Algumas","Razoável","Piorou","Pior","Pior","Frequentemente","Não sei/Não quero responder","Sim","Razoável","Não sei/Não quero responder","Não sei/Não quero responder","Muito maior","Não","Regular","Excelente"
"2020/10/27 11:26:37 AM GMT-3","3","Engenharia Elétrica","Campina Grande","Não","Algumas","Bom","Melhorou","Igual","Pior","Raramente","Não","Sim","Razoável","Insuficiente","Tão exigentes quanto","Muito maior","Sim","Regular","Ruim"
"2020/10/27 11:26:52 AM GMT-3","4","Engenharia Elétrica","Campina Grande","Não","Algumas","Péssimo","Piorou","Pior","Pior","Raramente","Não","Sim","Péssima","Inexistente","Mais exigentes","Muito maior","Sim","Péssima","Bom"
"2020/10/27 11:27:02 AM GMT-3","7","Ciências Biológicas","Cajazeiras","Sim","Todas","Ruim","Piorou","Pior","Pior","Raramente","Sim","Sim","Boa","Não sei/Não quero responder","Menos exigentes","Maior","Não","Não sei/Não quero responder","Não sei/Não quero responder"
"2020/10/27 11:27:08 AM GMT-3","10","Design","Campina Grande","Sim","Algumas","Razoável","Não mudou","Igual","Não afetou","Frequentemente","Sim","Sim","Boa","Bom","Tão exigentes quanto","Igual","Não","Regular","Bom"
"2020/10/27 11:28:28 AM GMT-3","9","Engenharia Elétrica","Campina Grande","Sim","Todas","Bom","Não mudou","Pior","Não afetou","Nunca","Sim","Não passo por essas dificuldades","Boa","Bom","Tão exigentes quanto","Maior","Não sei/Não quero responder","Regular","Excelente"
"2020/10/27 11:29:20 AM GMT-3","10","Engenharia Elétrica","Campina Grande","Sim","Todas","Bom","Não mudou","Igual","Não afetou","Raramente","Sim","Nao","Excelente","Bom","Tão exigentes quanto","Igual","Não","Ruim","Não sei/Não quero responder"
"2020/10/27 11:33:52 AM GMT-3","7","História","Cajazeiras","Sim","Algumas","Ruim","Piorou","Pior","Não sei/Não quero responder","Raramente","Sim","Não passo por essas dificuldades","Razoável","Bom","Tão exigentes quanto","Maior","Sim","Regular","Excelente"
"2020/10/27 11:34:02 AM GMT-3","1","Estatística","Campina Grande","Não","Algumas","Péssimo","Piorou","Pior","Pior","Frequentemente","Não","Sim","Ruim","Insuficiente","Mais exigentes","Maior","Sim","Regular","Excelente"
"2020/10/27 11:34:06 AM GMT-3","7","Estatística","Campina Grande","Não","Todas","Razoável","Não mudou","Pior","Não afetou","Raramente","Não","Sim","Boa","Razoável","Tão exigentes quanto","Muito maior","Sim","Regular","Bom"
"2020/10/27 11:34:13 AM GMT-3","1","Engenharia Elétrica","Campina Grande","Não","Algumas","Razoável","Não sei/Não quero responder","Pior","Não afetou","Frequentemente","Sim","Sim","Boa","Razoável","Menos exigentes","Igual","Não","Regular","Bom"
"2020/10/27 11:35:11 AM GMT-3","3","Ciência da Computação","Campina Grande","Não","Algumas","Razoável","Não mudou","Não sei/Não quero responder","Pior","Raramente","Não","Sim","Boa","Insuficiente","Mais exigentes","Muito maior","Sim","Regular","Excelente"
"2020/10/27 11:38:40 AM GMT-3","8","Engenharia Elétrica","Campina Grande","Não","Algumas","Bom","Não mudou","Pior","Pior","Raramente","Sim","Sim","Boa","Bom","Tão exigentes quanto","Muito maior","Não sei/Não quero responder","Regular","Bom"
"2020/10/27 11:39:10 AM GMT-3","3","Estatística","Campina Grande","Sim","Todas","Bom","Não mudou","Pior","Não afetou","Raramente","Sim","Não passo por essas dificuldades","Razoável","Bom","Mais exigentes","Maior","Não","Boa","Excelente"
"2020/10/27 11:39:40 AM GMT-3","3","História","Cajazeiras","Não","Algumas","Ruim","Piorou","Pior","Pior","Raramente","Não","Nao","Razoável","Razoável","Tão exigentes quanto","Maior","Não","Ruim","Regular"
"2020/10/27 11:41:45 AM GMT-3","8","Design","Campina Grande","Sim","Todas","Razoável","Piorou","Não sei/Não quero responder","Pior","Nunca","Sim","Não passo por essas dificuldades","Boa","Bom","Tão exigentes quanto","Igual","Não sei/Não quero responder","Boa","Excelente"
"2020/10/27 11:46:24 AM GMT-3","1","História","Cajazeiras","Não sei/Não quero responder","Nenhuma","Não sei/Não quero responder","Não sei/Não quero responder","Pior","Pior","Frequentemente","Não sei/Não quero responder","Sim","Não sei/Não quero responder","Não sei/Não quero responder","Não sei/Não quero responder","Não sei/Não quero responder","Não sei/Não quero responder","Não sei/Não quero responder","Não sei/Não quero responder"
"2020/10/27 11:50:26 AM GMT-3","3","Estatística","Campina Grande","Não sei/Não quero responder","Todas","Bom","Melhorou","Melhor","Pior","Raramente","Não","Sim","Boa","Excelente","Mais exigentes","Muito maior","Sim","Regular","Excelente"
"2020/10/27 11:51:54 AM GMT-3","10","História","Cajazeiras","Não","Todas","Excelente","Piorou","Melhor","Pior","Raramente","Não","Sim","Excelente","Excelente","Menos exigentes","Menor","Não","Excelente","Excelente"
"2020/10/27 11:54:30 AM GMT-3","3","Engenharia Elétrica","Campina Grande","Não","Algumas","Péssimo","Piorou","Pior","Pior","Raramente","Sim","Sim","Péssima","Insuficiente","Mais exigentes","Muito maior","Sim","Péssima","Bom"
"2020/10/27 11:54:35 AM GMT-3","1","Estatística","Campina Grande","Não","Algumas","Razoável","Piorou","Pior","Não afetou","Frequentemente","Sim","Sim","Razoável","Razoável","Menos exigentes","Maior","Sim","Regular","Bom"
"2020/10/27 11:57:15 AM GMT-3","1","Estatística","Campina Grande","Não sei/Não quero responder","Algumas","Ruim","Piorou","Pior","Não afetou","Raramente","Sim","Sim","Razoável","Razoável","Mais exigentes","Maior","Não sei/Não quero responder","Regular","Bom"
"2020/10/27 11:57:30 AM GMT-3","5","Design","Campina Grande","Sim","Todas","Excelente","Não mudou","Igual","Não afetou","Raramente","Sim","Não passo por essas dificuldades","Excelente","Bom","Tão exigentes quanto","Igual","Não","Boa","Excelente"
"2020/10/27 12:02:30 PM GMT-3","3","Design","Campina Grande","Não sei/Não quero responder","Algumas","Bom","Não mudou","Pior","Não afetou","Nunca","Sim","Sim","Boa","Razoável","Menos exigentes","Menor","Não","Boa","Regular"
"2020/10/27 12:04:44 PM GMT-3","3","Engenharia Elétrica","Campina Grande","Sim","Algumas","Péssimo","Piorou","Pior","Pior","Raramente","Não","Sim","Péssima","Inexistente","Mais exigentes","Muito maior","Sim","Péssima","Não sei/Não quero responder"
"2020/10/27 12:05:10 PM GMT-3","9","Engenharia Elétrica","Campina Grande","Não","Algumas","Razoável","Não mudou","Igual","Pior","Nunca","Sim","Não passo por essas dificuldades","Ruim","Razoável","Tão exigentes quanto","Muito maior","Não sei/Não quero responder","Péssima","Ruim"
"2020/10/27 12:26:29 PM GMT-3","3","Engenharia Elétrica","Campina Grande","Não","Algumas","Ruim","Piorou","Pior","Pior","Raramente","Não","Sim","Ruim","Inexistente","Tão exigentes quanto","Muito maior","Sim","Ruim","Bom"
"2020/10/27 12:27:11 PM GMT-3","8","História","Cajazeiras","Sim","Algumas","Razoável","Piorou","Pior","Pior","Frequentemente","Sim","Sim","Boa","Razoável","Menos exigentes","Igual","Não","Boa","Bom"
"2020/10/27 12:29:07 PM GMT-3","1","Estatística","Campina Grande","Não","Algumas","Razoável","Melhorou","Igual","Melhor","Raramente","Sim","Nao","Razoável","Bom","Tão exigentes quanto","Igual","Não","Regular","Excelente"
"2020/10/27 12:33:00 PM GMT-3","1","Design","Campina Grande","Não","Algumas","Bom","Não mudou","Não sei/Não quero responder","Não afetou","Raramente","Sim","Sim","Excelente","Razoável","Não sei/Não quero responder","Não sei/Não quero responder","Não sei/Não quero responder","Boa","Excelente"
"2020/10/27 12:35:30 PM GMT-3","4","Design","Campina Grande","Não","Algumas","Não sei/Não quero responder","Melhorou","Não sei/Não quero responder","Não afetou","Raramente","Não sei/Não quero responder","Sim","Razoável","Excelente","Tão exigentes quanto","Maior","Não sei/Não quero responder","Regular","Bom"
"2020/10/27 12:35:33 PM GMT-3","5","Engenharia Elétrica","Campina Grande","Não","Algumas","Razoável","Não mudou","Pior","Pior","Raramente","Não","Sim","Razoável","Insuficiente","Mais exigentes","Muito maior","Sim","Ruim","Regular"
"2020/10/27 12:38:06 PM GMT-3","10","Engenharia Elétrica","Campina Grande","Sim","Todas","Bom","Melhorou","Igual","Melhor","Raramente","Sim","Nao","Boa","Razoável","Tão exigentes quanto","Maior","Não sei/Não quero responder","Boa","Excelente"
"2020/10/27 12:42:08 PM GMT-3","7","História","Cajazeiras","Não sei/Não quero responder","Algumas","Razoável","Não sei/Não quero responder","Não sei/Não quero responder","Não sei/Não quero responder","Raramente","Sim","Nao","Boa","Bom","Tão exigentes quanto","Igual","Sim","Regular","Bom"
"2020/10/27 12:42:50 PM GMT-3","7","Design","Campina Grande","Não","Algumas","Bom","Não mudou","Igual","Não afetou","Nunca","Sim","Nao","Boa","Razoável","Tão exigentes quanto","Igual","Não","Ruim","Excelente"
"2020/10/27 12:42:52 PM GMT-3","5","Design","Campina Grande","Não","Todas","Bom","Não mudou","Não sei/Não quero responder","Não afetou","Frequentemente","Sim","Não sei/Não quero responder","Razoável","Razoável","Menos exigentes","Igual","Não","Regular","Bom"
"2020/10/27 12:43:14 PM GMT-3","4","Engenharia Elétrica","Campina Grande","Não","Algumas","Razoável","Não mudou","Pior","Pior","Raramente","Não","Sim","Razoável","Inexistente","Mais exigentes","Muito maior","Sim","Regular","Bom"
"2020/10/27 12:48:36 PM GMT-3","1","História","Campina Grande","Não sei/Não quero responder","Todas","Razoável","Piorou","Não sei/Não quero responder","Pior","Frequentemente","Sim","Sim","Excelente","Bom","Não sei/Não quero responder","Menor","Não","Regular","Bom"
"2020/10/27 1:12:20 PM GMT-3","7","Engenharia Elétrica","Campina Grande","Sim","Todas","Ruim","Piorou","Igual","Pior","Raramente","Não","Não passo por essas dificuldades","Excelente","Bom","Tão exigentes quanto","Maior","Sim","Ruim","Excelente"
"2020/10/27 1:12:38 PM GMT-3","1","Design","Campina Grande","Não sei/Não quero responder","Algumas","Bom","Melhorou","Melhor","Não afetou","Raramente","Sim","Não passo por essas dificuldades","Excelente","Inexistente","Tão exigentes quanto","Igual","Não","Regular","Excelente"
"2020/10/27 1:18:21 PM GMT-3","1","Engenharia Elétrica","Campina Grande","Não","Algumas","Razoável","Não mudou","Pior","Não afetou","Raramente","Sim","Sim","Razoável","Razoável","Tão exigentes quanto","Igual","Não","Regular","Bom"
"2020/10/27 1:24:40 PM GMT-3","4","Estatística","Campina Grande","Não sei/Não quero responder","Algumas","Excelente","Melhorou","Melhor","Não afetou","Raramente","Sim","Nao","Excelente","Excelente","Tão exigentes quanto","Igual","Não","Regular","Excelente"
"2020/10/27 1:30:39 PM GMT-3","1","História","Cajazeiras","Não sei/Não quero responder","Algumas","Razoável","Não sei/Não quero responder","Não sei/Não quero responder","Não sei/Não quero responder","Não sei/Não quero responder","Sim","Sim","Boa","Não sei/Não quero responder","Não sei/Não quero responder","Não sei/Não quero responder","Não sei/Não quero responder","Boa","Bom"
"2020/10/27 1:32:59 PM GMT-3","6","Design","Campina Grande","Não","Todas","Ruim","Piorou","Pior","Pior","Raramente","Não sei/Não quero responder","Sim","Boa","Não sei/Não quero responder","Tão exigentes quanto","Maior","Não sei/Não quero responder","Ruim","Excelente"
"2020/10/27 1:35:27 PM GMT-3","7","Engenharia Elétrica","Campina Grande","Não","Algumas","Razoável","Não sei/Não quero responder","Pior","Não afetou","Frequentemente","Não sei/Não quero responder","Sim","Boa","Insuficiente","Menos exigentes","Muito maior","Sim","Boa","Excelente"
"2020/10/27 1:42:51 PM GMT-3","4","Arte e Mídia","Campina Grande","Não","Algumas","Péssimo","Piorou","Pior","Pior","Raramente","Não sei/Não quero responder","Sim","Não sei/Não quero responder","Não sei/Não quero responder","Não sei/Não quero responder","Não sei/Não quero responder","Não sei/Não quero responder","Péssima","Não sei/Não quero responder"
"2020/10/27 1:46:14 PM GMT-3","3","Arte e Mídia","Campina Grande","Sim","Algumas","Bom","Não mudou","Igual","Não afetou","Raramente","Não sei/Não quero responder","Nao","Excelente","Bom","Mais exigentes","Maior","Não","Regular","Bom"
"2020/10/27 1:47:29 PM GMT-3","1","Engenharia de Produção","Campina Grande","Não","Algumas","Razoável","Piorou","Pior","Pior","Raramente","Sim","Sim","Boa","Inexistente","Tão exigentes quanto","Maior","Não","Regular","Regular"
"2020/10/27 1:50:13 PM GMT-3","6","Arte e Mídia","Campina Grande","Não","Algumas","Razoável","Piorou","Pior","Pior","Raramente","Sim","Sim","Razoável","Razoável","Menos exigentes","Menor","Não","Ruim","Ruim"
"2020/10/27 1:51:11 PM GMT-3","3","Design","Campina Grande","Não","Algumas","Razoável","Não sei/Não quero responder","Pior","Não afetou","Raramente","Sim","Sim","Excelente","Bom","Tão exigentes quanto","Igual","Não sei/Não quero responder","Não sei/Não quero responder","Bom"
"2020/10/27 1:52:12 PM GMT-3","1","Arte e Mídia","Campina Grande","Não sei/Não quero responder","Nenhuma","Não sei/Não quero responder","Não sei/Não quero responder","Não sei/Não quero responder","Não sei/Não quero responder","Frequentemente","Não sei/Não quero responder","Não sei/Não quero responder","Não sei/Não quero responder","Não sei/Não quero responder","Não sei/Não quero responder","Não sei/Não quero responder","Não sei/Não quero responder","Regular","Não sei/Não quero responder"
"2020/10/27 1:54:45 PM GMT-3","4","Arte e Mídia","Campina Grande","Sim","Todas","Bom","Piorou","Pior","Melhor","Frequentemente","Sim","Nao","Excelente","Bom","Menos exigentes","Igual","Não","Boa","Bom"
"2020/10/27 1:55:24 PM GMT-3","7","Design","Campina Grande","Sim","Todas","Razoável","Piorou","Igual","Pior","Frequentemente","Não","Sim","Razoável","Insuficiente","Mais exigentes","Igual","Sim","Regular","Bom"
"2020/10/27 1:56:10 PM GMT-3","4","Arte e Mídia","Campina Grande","Não sei/Não quero responder","Não sei/Não quero responder","Péssimo","Piorou","Não sei/Não quero responder","Pior","Frequentemente","Sim","Sim","Boa","Bom","Tão exigentes quanto","Igual","Não","Péssima","Regular"
"2020/10/27 1:56:57 PM GMT-3","2","Design","Campina Grande","Sim","Todas","Bom","Não mudou","Igual","Não afetou","Nunca","Sim","Nao","Razoável","Razoável","Tão exigentes quanto","Igual","Não","Regular","Bom"
"2020/10/27 2:00:15 PM GMT-3","8","Arte e Mídia","Campina Grande","Sim","Todas","Bom","Piorou","Não sei/Não quero responder","Pior","Frequentemente","Sim","Sim","Boa","Excelente","Mais exigentes","Maior","Sim","Boa","Excelente"
"2020/10/27 2:01:43 PM GMT-3","4","Arte e Mídia","Campina Grande","Não","Algumas","Razoável","Piorou","Igual","Pior","Raramente","Não sei/Não quero responder","Sim","Razoável","Razoável","Tão exigentes quanto","Igual","Não sei/Não quero responder","Regular","Bom"
"2020/10/27 2:03:33 PM GMT-3","8","Design","Campina Grande","Não","Algumas","Bom","Melhorou","Igual","Não afetou","Frequentemente","Sim","Nao","Boa","Razoável","Tão exigentes quanto","Muito maior","Não sei/Não quero responder","Boa","Bom"
"2020/10/27 2:04:12 PM GMT-3","2","Arte e Mídia","Campina Grande","Não","Algumas","Razoável","Piorou","Pior","Pior","Frequentemente","Sim","Sim","Boa","Bom","Tão exigentes quanto","Maior","Não","Regular","Bom"
"2020/10/27 2:04:12 PM GMT-3","8","Arte e Mídia","Campina Grande","Não sei/Não quero responder","Todas","Razoável","Piorou","Pior","Não afetou","Frequentemente","Sim","Sim","Boa","Razoável","Tão exigentes quanto","Muito maior","Sim","Boa","Bom"
"2020/10/27 2:07:57 PM GMT-3","4","Arte e Mídia","Campina Grande","Não sei/Não quero responder","Todas","Razoável","Piorou","Pior","Pior","Raramente","Sim","Sim","Boa","Bom","Menos exigentes","Igual","Não sei/Não quero responder","Regular","Excelente"
"2020/10/27 2:14:49 PM GMT-3","2","Design","Campina Grande","Sim","Algumas","Razoável","Piorou","Pior","Pior","Raramente","Não","Sim","Razoável","Insuficiente","Tão exigentes quanto","Muito maior","Sim","Regular","Excelente"
"2020/10/27 2:25:34 PM GMT-3","2","Arte e Mídia","Campina Grande","Não sei/Não quero responder","Algumas","Ruim","Piorou","Pior","Pior","Frequentemente","Sim","Sim","Razoável","Razoável","Tão exigentes quanto","Maior","Não sei/Não quero responder","Regular","Bom"
"2020/10/27 2:32:19 PM GMT-3","6","Arte e Mídia","Campina Grande","Não","Algumas","Razoável","Piorou","Pior","Pior","Frequentemente","Sim","Sim","Razoável","Bom","Tão exigentes quanto","Maior","Sim","Ruim","Regular"
"2020/10/27 2:33:54 PM GMT-3","1","História","Cajazeiras","Não sei/Não quero responder","Nenhuma","Não sei/Não quero responder","Não sei/Não quero responder","Não sei/Não quero responder","Não sei/Não quero responder","Raramente","Não sei/Não quero responder","Não sei/Não quero responder","Razoável","Razoável","Menos exigentes","Menor","Não","Regular","Bom"
"2020/10/27 2:37:16 PM GMT-3","2","Arte e Mídia","Campina Grande","Sim","Todas","Razoável","Piorou","Pior","Melhor","Raramente","Sim","Nao","Excelente","Excelente","Menos exigentes","Menor","Não","Regular","Excelente"
"2020/10/27 2:38:50 PM GMT-3","5","Arte e Mídia","Campina Grande","Sim","Todas","Bom","Não mudou","Não sei/Não quero responder","Melhor","Frequentemente","Sim","Sim","Excelente","Excelente","Tão exigentes quanto","Igual","Não","Boa","Bom"
"2020/10/27 2:40:49 PM GMT-3","8","Arte e Mídia","Campina Grande","Não sei/Não quero responder","Algumas","Ruim","Piorou","Pior","Pior","Raramente","Sim","Sim","Boa","Bom","Não sei/Não quero responder","Igual","Não","Péssima","Regular"
"2020/10/27 2:41:04 PM GMT-3","7","Arte e Mídia","Campina Grande","Sim","Algumas","Razoável","Não mudou","Pior","Pior","Raramente","Sim","Nao","Boa","Razoável","Menos exigentes","Igual","Não","Regular","Bom"
"2020/10/27 2:49:10 PM GMT-3","4","Design","Campina Grande","Não","Algumas","Bom","Não mudou","Igual","Não afetou","Raramente","Sim","Sim","Boa","Razoável","Tão exigentes quanto","Igual","Não","Boa","Bom"
"2020/10/27 2:52:54 PM GMT-3","1","Design","Campina Grande","Não sei/Não quero responder","Nenhuma","Bom","Melhorou","Melhor","Não sei/Não quero responder","Nunca","Não sei/Não quero responder","Não passo por essas dificuldades","Não sei/Não quero responder","Não sei/Não quero responder","Tão exigentes quanto","Não sei/Não quero responder","Não sei/Não quero responder","Regular","Não sei/Não quero responder"
"2020/10/27 2:53:47 PM GMT-3","10","Engenharia Elétrica","Campina Grande","Sim","Todas","Bom","Piorou","Melhor","Pior","Raramente","Sim","Não passo por essas dificuldades","Razoável","Razoável","Mais exigentes","Muito maior","Sim","Regular","Excelente"
"2020/10/27 2:54:35 PM GMT-3","2","Design","Campina Grande","Sim","Todas","Bom","Melhorou","Não sei/Não quero responder","Pior","Raramente","Sim","Sim","Razoável","Bom","Tão exigentes quanto","Igual","Não","Boa","Excelente"
"2020/10/27 3:08:41 PM GMT-3","1","Design","Campina Grande","Sim","Todas","Razoável","Piorou","Pior","Pior","Raramente","Não","Sim","Razoável","Insuficiente","Tão exigentes quanto","Maior","Sim","Boa","Excelente"
"2020/10/27 3:13:50 PM GMT-3","1","Design","Campina Grande","Sim","Não sei/Não quero responder","Bom","Não mudou","Igual","Não afetou","Raramente","Sim","Sim","Excelente","Não sei/Não quero responder","Menos exigentes","Não sei/Não quero responder","Não sei/Não quero responder","Boa","Excelente"
"2020/10/27 3:14:00 PM GMT-3","2","História","Cajazeiras","Não","Todas","Razoável","Piorou","Pior","Pior","Raramente","Sim","Sim","Excelente","Excelente","Menos exigentes","Igual","Não","Boa","Excelente"
"2020/10/27 3:14:21 PM GMT-3","1","Arte e Mídia","Campina Grande","Não sei/Não quero responder","Não sei/Não quero responder","Não sei/Não quero responder","Não sei/Não quero responder","Não sei/Não quero responder","Não sei/Não quero responder","Não sei/Não quero responder","Não sei/Não quero responder","Não sei/Não quero responder","Não sei/Não quero responder","Não sei/Não quero responder","Não sei/Não quero responder","Não sei/Não quero responder","Não sei/Não quero responder","Não sei/Não quero responder","Não sei/Não quero responder"
"2020/10/27 3:38:49 PM GMT-3","10","Engenharia Elétrica","Campina Grande","Não sei/Não quero responder","Todas","Bom","Melhorou","Igual","Pior","Raramente","Não","Não passo por essas dificuldades","Razoável","Bom","Tão exigentes quanto","Maior","Não","Péssima","Excelente"
"2020/10/27 3:40:16 PM GMT-3","1","Arte e Mídia","Campina Grande","Não sei/Não quero responder","Não sei/Não quero responder","Razoável","Não sei/Não quero responder","Não sei/Não quero responder","Não sei/Não quero responder","Não sei/Não quero responder","Não sei/Não quero responder","Não sei/Não quero responder","Não sei/Não quero responder","Não sei/Não quero responder","Não sei/Não quero responder","Não sei/Não quero responder","Não sei/Não quero responder","Não sei/Não quero responder","Não sei/Não quero responder"
"2020/10/27 3:46:20 PM GMT-3","6","Arte e Mídia","Campina Grande","Não","Algumas","Razoável","Piorou","Igual","Pior","Raramente","Sim","Sim","Excelente","Não sei/Não quero responder","Menos exigentes","Maior","Não","Ruim","Bom"
"2020/10/27 3:48:05 PM GMT-3","2","História","Cajazeiras","Não","Algumas","Bom","Melhorou","Pior","Melhor","Frequentemente","Sim","Sim","Excelente","Bom","Menos exigentes","Menor","Não","Excelente","Excelente"
"2020/10/27 3:54:39 PM GMT-3","8","Arte e Mídia","Campina Grande","Sim","Algumas","Péssimo","Piorou","Pior","Pior","Frequentemente","Não","Sim","Boa","Bom","Menos exigentes","Igual","Sim","Regular","Excelente"
"2020/10/27 4:37:06 PM GMT-3","7","Arte e Mídia","Campina Grande","Não","Nenhuma","Não sei/Não quero responder","Não sei/Não quero responder","Pior","Não sei/Não quero responder","Não sei/Não quero responder","Não sei/Não quero responder","Não sei/Não quero responder","Não sei/Não quero responder","Não sei/Não quero responder","Não sei/Não quero responder","Não sei/Não quero responder","Não sei/Não quero responder","Regular","Não sei/Não quero responder"
"2020/10/27 4:43:54 PM GMT-3","6","Engenharia Elétrica","Campina Grande","Não","Algumas","Excelente","Melhorou","Melhor","Não afetou","Frequentemente","Não sei/Não quero responder","Nao","Boa","Razoável","Mais exigentes","Muito maior","Sim","Regular","Excelente"
"2020/10/27 4:45:57 PM GMT-3","2","Design","Campina Grande","Sim","Todas","Ruim","Piorou","Pior","Não afetou","Raramente","Não","Sim","Boa","Razoável","Tão exigentes quanto","Menor","Não","Boa","Excelente"
"2020/10/27 5:05:47 PM GMT-3","1","História","Cajazeiras","Não","Algumas","Péssimo","Piorou","Pior","Pior","Frequentemente","Não sei/Não quero responder","Sim","Razoável","Insuficiente","Mais exigentes","Muito maior","Sim","Péssima","Bom"
"2020/10/27 5:11:07 PM GMT-3","6","Design","Campina Grande","Não sei/Não quero responder","Não sei/Não quero responder","Razoável","Piorou","Igual","Não afetou","Raramente","Sim","Nao","Excelente","Excelente","Mais exigentes","Muito maior","Sim","Regular","Regular"
"2020/10/27 5:17:33 PM GMT-3","3","História","Cajazeiras","Sim","Todas","Razoável","Piorou","Pior","Pior","Frequentemente","Sim","Sim","Excelente","Bom","Tão exigentes quanto","Maior","Não","Boa","Excelente"
"2020/10/27 5:25:22 PM GMT-3","6","História","Cajazeiras","Sim","Todas","Razoável","Não mudou","Pior","Pior","Raramente","Sim","Sim","Excelente","Razoável","Tão exigentes quanto","Igual","Não","Regular","Bom"
"2020/10/27 5:31:29 PM GMT-3","10","História","Cajazeiras","Não sei/Não quero responder","Algumas","Razoável","Não sei/Não quero responder","Não sei/Não quero responder","Pior","Nunca","Sim","Não sei/Não quero responder","Boa","Excelente","Tão exigentes quanto","Não sei/Não quero responder","Não sei/Não quero responder","Boa","Bom"
"2020/10/27 5:39:44 PM GMT-3","2","Arquitetura e Urbanismo","Campina Grande","Não","Algumas","Razoável","Piorou","Pior","Pior","Nunca","Sim","Não passo por essas dificuldades","Razoável","Bom","Menos exigentes","Menor","Não","Ruim","Ruim"
"2020/10/27 5:48:20 PM GMT-3","4","Arte e Mídia","Campina Grande","Não","Algumas","Bom","Não mudou","Igual","Não afetou","Nunca","Sim","Nao","Boa","Bom","Tão exigentes quanto","Igual","Não","Regular","Bom"
"2020/10/27 6:22:08 PM GMT-3","8","Engenharia Elétrica","Campina Grande","Sim","Algumas","Razoável","Piorou","Pior","Não afetou","Raramente","Sim","Sim","Boa","Insuficiente","Tão exigentes quanto","Muito maior","Sim","Regular","Excelente"
"2020/10/27 6:23:31 PM GMT-3","2","Arte e Mídia","Campina Grande","Sim","Algumas","Razoável","Piorou","Pior","Não afetou","Raramente","Sim","Sim","Razoável","Insuficiente","Menos exigentes","Muito menor","Não","Regular","Regular"
"2020/10/27 6:31:33 PM GMT-3","3","Arte e Mídia","Campina Grande","Sim","Todas","Razoável","Piorou","Pior","Não afetou","Raramente","Sim","Não passo por essas dificuldades","Razoável","Não sei/Não quero responder","Tão exigentes quanto","Igual","Não","Regular","Não sei/Não quero responder"
"2020/10/27 6:47:20 PM GMT-3","10","Estatística","Campina Grande","Não sei/Não quero responder","Todas","Razoável","Não mudou","Igual","Não sei/Não quero responder","Nunca","Sim","Não passo por essas dificuldades","Boa","Não sei/Não quero responder","Não sei/Não quero responder","Maior","Não","Regular","Excelente"
"2020/10/27 6:47:51 PM GMT-3","2","Arte e Mídia","Campina Grande","Sim","Algumas","Razoável","Piorou","Pior","Pior","Raramente","Não sei/Não quero responder","Sim","Boa","Bom","Tão exigentes quanto","Igual","Não sei/Não quero responder","Boa","Bom"
"2020/10/27 7:00:58 PM GMT-3","2","História","Cajazeiras","Não","Todas","Razoável","Não mudou","Igual","Pior","Raramente","Sim","Sim","Boa","Bom","Tão exigentes quanto","Igual","Não","Regular","Excelente"
"2020/10/27 7:06:34 PM GMT-3","7","Arte e Mídia","Campina Grande","Sim","Todas","Excelente","Não mudou","Melhor","Não afetou","Não sei/Não quero responder","Sim","Sim","Excelente","Excelente","Mais exigentes","Muito maior","Não","Regular","Excelente"
"2020/10/27 7:08:21 PM GMT-3","2","Arte e Mídia","Campina Grande","Sim","Todas","Razoável","Não sei/Não quero responder","Igual","Não afetou","Raramente","Sim","Não passo por essas dificuldades","Razoável","Excelente","Menos exigentes","Muito menor","Não","Boa","Bom"
"2020/10/27 7:34:37 PM GMT-3","6","História","Cajazeiras","Não","Algumas","Razoável","Não sei/Não quero responder","Igual","Pior","Frequentemente","Sim","Sim","Boa","Excelente","Tão exigentes quanto","Maior","Não sei/Não quero responder","Regular","Excelente"
"2020/10/27 7:39:19 PM GMT-3","1","História","Cajazeiras","Não","Algumas","Bom","Não mudou","Igual","Melhor","Frequentemente","Sim","Sim","Boa","Não sei/Não quero responder","Menos exigentes","Não sei/Não quero responder","Não","Regular","Bom"
"2020/10/27 8:34:03 PM GMT-3","3","Design","Campina Grande","Não","Algumas","Bom","Não mudou","Não sei/Não quero responder","Pior","Frequentemente","Sim","Sim","Boa","Bom","Tão exigentes quanto","Muito maior","Sim","Boa","Bom"
"2020/10/27 9:15:04 PM GMT-3","1","Design","Campina Grande","Não sei/Não quero responder","Algumas","Bom","Não mudou","Pior","Não afetou","Raramente","Não","Nao","Razoável","Insuficiente","Tão exigentes quanto","Igual","Não","Boa","Bom"
"2020/10/27 10:46:26 PM GMT-3","4","Arte e Mídia","Campina Grande","Não","Algumas","Bom","Não sei/Não quero responder","Igual","Não sei/Não quero responder","Frequentemente","Sim","Sim","Boa","Insuficiente","Mais exigentes","Muito maior","Sim","Boa","Regular"
"2020/10/27 11:08:13 PM GMT-3","1","Estatística","Campina Grande","Sim","Nenhuma","Ruim","Piorou","Pior","Pior","Frequentemente","Não","Sim","Ruim","Insuficiente","Mais exigentes","Maior","Sim","Regular","Não sei/Não quero responder"
"2020/10/27 11:08:55 PM GMT-3","6","História","Cajazeiras","Não sei/Não quero responder","Todas","Bom","Não sei/Não quero responder","Não sei/Não quero responder","Não sei/Não quero responder","Frequentemente","Sim","Sim","Excelente","Não sei/Não quero responder","Não sei/Não quero responder","Não sei/Não quero responder","Não sei/Não quero responder","Regular","Excelente"
"2020/10/27 11:11:38 PM GMT-3","6","Engenharia Elétrica","Campina Grande","Não","Todas","Péssimo","Piorou","Pior","Pior","Raramente","Sim","Não passo por essas dificuldades","Razoável","Insuficiente","Menos exigentes","Muito maior","Sim","Péssima","Excelente"
"2020/10/27 11:37:38 PM GMT-3","2","Arte e Mídia","Campina Grande","Sim","Todas","Bom","Piorou","Pior","Não afetou","Raramente","Sim","Não passo por essas dificuldades","Boa","Excelente","Menos exigentes","Igual","Não","Boa","Bom"
"2020/10/27 11:47:55 PM GMT-3","6","Design","Campina Grande","Não","Algumas","Razoável","Piorou","Pior","Pior","Raramente","Não","Sim","Razoável","Insuficiente","Mais exigentes","Maior","Sim","Regular","Regular"
"2020/10/28 12:31:37 AM GMT-3","6","Arte e Mídia","Campina Grande","Sim","Todas","Bom","Piorou","Igual","Não afetou","Nunca","Sim","Sim","Boa","Bom","Menos exigentes","Igual","Não","Regular","Bom"
"2020/10/28 1:01:33 AM GMT-3","1","Engenharia de Materiais","Campina Grande","Não","Algumas","Razoável","Melhorou","Pior","Não afetou","Raramente","Sim","Sim","Boa","Bom","Tão exigentes quanto","Igual","Não","Regular","Excelente"
"2020/10/28 8:12:48 AM GMT-3","1","Estatística","Campina Grande","Não","Todas","Razoável","Não sei/Não quero responder","Pior","Pior","Raramente","Não sei/Não quero responder","Sim","Boa","Não sei/Não quero responder","Menos exigentes","Maior","Não","Regular","Excelente"
"2020/10/28 8:30:23 AM GMT-3","1","História","Cajazeiras","Não","Algumas","Não sei/Não quero responder","Piorou","Não sei/Não quero responder","Pior","Raramente","Sim","Sim","Não sei/Não quero responder","Não sei/Não quero responder","Tão exigentes quanto","Maior","Sim","Não sei/Não quero responder","Bom"
"2020/10/28 8:46:47 AM GMT-3","10","Engenharia Elétrica","Campina Grande","Não","Todas","Excelente","Melhorou","Pior","Não afetou","Raramente","Não","Sim","Razoável","Insuficiente","Mais exigentes","Muito maior","Sim","Boa","Excelente"
"2020/10/28 9:31:07 AM GMT-3","3","Design","Campina Grande","Sim","Algumas","Ruim","Piorou","Pior","Pior","Frequentemente","Sim","Sim","Boa","Bom","Tão exigentes quanto","Muito maior","Sim","Péssima","Bom"
"2020/10/28 9:37:16 AM GMT-3","1","História","Cajazeiras","Sim","Todas","Razoável","Não mudou","Igual","Não sei/Não quero responder","Frequentemente","Sim","Sim","Boa","Bom","Não sei/Não quero responder","Igual","Não","Boa","Bom"
"2020/10/28 9:43:54 AM GMT-3","3","Estatística","Campina Grande","Sim","Todas","Bom","Melhorou","Pior","Não afetou","Nunca","Sim","Não passo por essas dificuldades","Razoável","Razoável","Menos exigentes","Muito menor","Não","Regular","Regular"
"2020/10/28 10:02:03 AM GMT-3","8","Engenharia Elétrica","Campina Grande","Não","Algumas","Bom","Não mudou","Pior","Não sei/Não quero responder","Raramente","Não","Sim","Boa","Bom","Tão exigentes quanto","Igual","Não","Regular","Regular"
"2020/10/28 10:37:49 AM GMT-3","5","Engenharia Elétrica","Campina Grande","Não","Nenhuma","Péssimo","Piorou","Pior","Pior","Raramente","Não","Sim","Péssima","Inexistente","Mais exigentes","Muito maior","Sim","Péssima","Ruim"
"2020/10/28 10:45:55 AM GMT-3","2","Design","Campina Grande","Sim","Todas","Ruim","Piorou","Pior","Pior","Raramente","Não","Sim","Razoável","Razoável","Tão exigentes quanto","Maior","Sim","Regular","Excelente"
"2020/10/28 10:50:36 AM GMT-3","10","História","Cajazeiras","Sim","Todas","Razoável","Não sei/Não quero responder","Não sei/Não quero responder","Não afetou","Nunca","Sim","Nao","Boa","Excelente","Menos exigentes","Igual","Não","Regular","Excelente"
"2020/10/28 10:58:06 AM GMT-3","10","História","Cajazeiras","Não","Algumas","Razoável","Não mudou","Igual","Não afetou","Frequentemente","Sim","Sim","Boa","Excelente","Tão exigentes quanto","Muito menor","Não","Regular","Bom"
"2020/10/28 11:14:51 AM GMT-3","3","Engenharia de Petróleo","Campina Grande","Não","Algumas","Ruim","Piorou","Pior","Pior","Frequentemente","Sim","Sim","Ruim","Insuficiente","Tão exigentes quanto","Maior","Não","Ruim","Regular"
"2020/10/28 11:15:04 AM GMT-3","5","Engenharia de Petróleo","Campina Grande","Não","Algumas","Razoável","Não sei/Não quero responder","Pior","Não afetou","Raramente","Não","Sim","Razoável","Não sei/Não quero responder","Não sei/Não quero responder","Muito maior","Sim","Regular","Bom"
"2020/10/28 11:15:34 AM GMT-3","7","Engenharia de Petróleo","Campina Grande","Não","Algumas","Ruim","Piorou","Pior","Pior","Frequentemente","Sim","Sim","Excelente","Bom","Menos exigentes","Igual","Não","Péssima","Ruim"
"2020/10/28 11:15:35 AM GMT-3","9","História","Cajazeiras","Não","Algumas","Razoável","Não mudou","Pior","Pior","Frequentemente","Sim","Sim","Razoável","Razoável","Mais exigentes","Muito maior","Não","Péssima","Bom"
"2020/10/28 11:16:18 AM GMT-3","6","Engenharia de Petróleo","Campina Grande","Não","Algumas","Razoável","Não sei/Não quero responder","Pior","Pior","Frequentemente","Não","Sim","Razoável","Razoável","Mais exigentes","Muito maior","Sim","Regular","Bom"
"2020/10/28 11:16:34 AM GMT-3","9","Engenharia de Petróleo","Campina Grande","Não sei/Não quero responder","Algumas","Ruim","Piorou","Pior","Pior","Raramente","Não sei/Não quero responder","Sim","Razoável","Insuficiente","Tão exigentes quanto","Muito maior","Sim","Péssima","Regular"
"2020/10/28 11:17:02 AM GMT-3","1","Engenharia de Petróleo","Campina Grande","Não","Algumas","Razoável","Piorou","Pior","Não afetou","Frequentemente","Sim","Sim","Boa","Razoável","Tão exigentes quanto","Maior","Não sei/Não quero responder","Regular","Bom"
"2020/10/28 11:17:11 AM GMT-3","5","Engenharia de Petróleo","Campina Grande","Não","Todas","Razoável","Não sei/Não quero responder","Pior","Pior","Frequentemente","Não sei/Não quero responder","Sim","Boa","Razoável","Mais exigentes","Muito maior","Sim","Ruim","Bom"
"2020/10/28 11:18:17 AM GMT-3","6","Engenharia de Petróleo","Campina Grande","Não","Todas","Razoável","Melhorou","Igual","Pior","Raramente","Não","Sim","Razoável","Insuficiente","Tão exigentes quanto","Maior","Não","Regular","Regular"
"2020/10/28 11:18:28 AM GMT-3","9","Engenharia de Petróleo","Campina Grande","Não","Algumas","Ruim","Piorou","Pior","Pior","Frequentemente","Não","Sim","Razoável","Razoável","Mais exigentes","Muito maior","Sim","Regular","Bom"
"2020/10/28 11:18:55 AM GMT-3","4","Engenharia de Petróleo","Campina Grande","Não","Algumas","Razoável","Não mudou","Pior","Pior","Frequentemente","Não","Sim","Razoável","Razoável","Mais exigentes","Maior","Sim","Regular","Regular"
"2020/10/28 11:19:02 AM GMT-3","5","Engenharia de Petróleo","Campina Grande","Não","Algumas","Razoável","Não mudou","Melhor","Não afetou","Raramente","Não","Sim","Ruim","Insuficiente","Mais exigentes","Maior","Não","Boa","Excelente"
"2020/10/28 11:21:34 AM GMT-3","1","Engenharia de Petróleo","Campina Grande","Não sei/Não quero responder","Algumas","Bom","Melhorou","Melhor","Não afetou","Raramente","Sim","Sim","Boa","Razoável","Mais exigentes","Maior","Sim","Regular","Bom"
"2020/10/28 11:31:15 AM GMT-3","3","Engenharia de Petróleo","Campina Grande","Não","Algumas","Razoável","Não sei/Não quero responder","Pior","Pior","Frequentemente","Sim","Sim","Razoável","Razoável","Mais exigentes","Muito maior","Sim","Péssima","Regular"
"2020/10/28 11:32:54 AM GMT-3","7","Engenharia de Petróleo","Campina Grande","Não","Algumas","Razoável","Não sei/Não quero responder","Igual","Não afetou","Frequentemente","Não","Sim","Razoável","Razoável","Mais exigentes","Maior","Sim","Péssima","Bom"
"2020/10/28 11:34:04 AM GMT-3","1","Engenharia de Petróleo","Campina Grande","Não","Algumas","Razoável","Piorou","Pior","Não afetou","Nunca","Sim","Não passo por essas dificuldades","Razoável","Razoável","Menos exigentes","Igual","Não","Ruim","Bom"
"2020/10/28 11:35:57 AM GMT-3","1","Engenharia de Petróleo","Campina Grande","Não","Algumas","Bom","Não mudou","Pior","Não afetou","Raramente","Sim","Nao","Razoável","Razoável","Não sei/Não quero responder","Não sei/Não quero responder","Não","Regular","Bom"
"2020/10/28 11:36:25 AM GMT-3","3","Engenharia de Petróleo","Campina Grande","Não","Algumas","Razoável","Não sei/Não quero responder","Pior","Não afetou","Raramente","Não","Sim","Razoável","Insuficiente","Tão exigentes quanto","Maior","Não sei/Não quero responder","Regular","Regular"
"2020/10/28 11:54:54 AM GMT-3","7","Engenharia de Petróleo","Campina Grande","Não","Algumas","Razoável","Melhorou","Igual","Pior","Frequentemente","Não","Sim","Boa","Razoável","Mais exigentes","Muito maior","Sim","Ruim","Regular"
"2020/10/28 12:05:35 PM GMT-3","1","Estatística","Campina Grande","Não","Algumas","Ruim","Piorou","Pior","Pior","Raramente","Não sei/Não quero responder","Não sei/Não quero responder","Boa","Não sei/Não quero responder","Não sei/Não quero responder","Não sei/Não quero responder","Não sei/Não quero responder","Ruim","Excelente"
"2020/10/28 12:27:38 PM GMT-3","8","Engenharia de Petróleo","Campina Grande","Não","Algumas","Razoável","Não mudou","Pior","Pior","Nunca","Não","Sim","Razoável","Não sei/Não quero responder","Não sei/Não quero responder","Maior","Não","Regular","Excelente"
"2020/10/28 12:38:05 PM GMT-3","9","Engenharia de Petróleo","Campina Grande","Sim","Todas","Ruim","Piorou","Igual","Pior","Frequentemente","Sim","Sim","Excelente","Bom","Tão exigentes quanto","Maior","Sim","Ruim","Excelente"
"2020/10/28 12:45:37 PM GMT-3","3","Engenharia Elétrica","Campina Grande","Não","Algumas","Péssimo","Piorou","Pior","Pior","Frequentemente","Não","Sim","Péssima","Insuficiente","Mais exigentes","Muito maior","Sim","Péssima","Bom"
"2020/10/28 12:46:36 PM GMT-3","5","Engenharia de Petróleo","Campina Grande","Não","Algumas","Razoável","Piorou","Pior","Pior","Frequentemente","Não","Sim","Razoável","Insuficiente","Mais exigentes","Muito maior","Sim","Péssima","Regular"
"2020/10/28 12:47:54 PM GMT-3","1","Engenharia de Petróleo","Campina Grande","Não","Nenhuma","Não sei/Não quero responder","Não sei/Não quero responder","Não sei/Não quero responder","Não sei/Não quero responder","Raramente","Não sei/Não quero responder","Sim","Não sei/Não quero responder","Não sei/Não quero responder","Não sei/Não quero responder","Não sei/Não quero responder","Não sei/Não quero responder","Boa","Não sei/Não quero responder"
"2020/10/28 1:31:38 PM GMT-3","1","Engenharia de Petróleo","Campina Grande","Não","Algumas","Razoável","Piorou","Pior","Pior","Raramente","Sim","Sim","Razoável","Razoável","Não sei/Não quero responder","Igual","Não sei/Não quero responder","Não sei/Não quero responder","Não sei/Não quero responder"
"2020/10/28 1:58:30 PM GMT-3","8","Engenharia de Petróleo","Campina Grande","Não","Nenhuma","Razoável","Não sei/Não quero responder","Não sei/Não quero responder","Pior","Raramente","Não","Não sei/Não quero responder","Ruim","Insuficiente","Mais exigentes","Muito maior","Sim","Ruim","Regular"
"2020/10/28 1:59:55 PM GMT-3","3","Engenharia de Petróleo","Campina Grande","Não","Algumas","Razoável","Não mudou","Igual","Não afetou","Raramente","Não","Sim","Razoável","Inexistente","Mais exigentes","Muito maior","Sim","Ruim","Bom"
"2020/10/28 2:29:37 PM GMT-3","2","Arte e Mídia","Campina Grande","Não","Todas","Razoável","Não mudou","Pior","Pior","Raramente","Sim","Sim","Razoável","Razoável","Menos exigentes","Maior","Sim","Regular","Regular"
"2020/10/28 3:05:11 PM GMT-3","3","Engenharia de Petróleo","Campina Grande","Não","Nenhuma","Ruim","Piorou","Pior","Não afetou","Frequentemente","Não","Sim","Razoável","Razoável","Tão exigentes quanto","Igual","Não sei/Não quero responder","Regular","Excelente"
"2020/10/28 3:23:38 PM GMT-3","1","Engenharia de Petróleo","Campina Grande","Não","Algumas","Bom","Não mudou","Igual","Não afetou","Frequentemente","Não","Sim","Boa","Razoável","Menos exigentes","Igual","Não","Regular","Regular"
"2020/10/28 3:58:59 PM GMT-3","1","Estatística","Campina Grande","Não","Algumas","Ruim","Piorou","Pior","Pior","Raramente","Não sei/Não quero responder","Sim","Razoável","Insuficiente","Não sei/Não quero responder","Muito maior","Sim","Ruim","Regular"
"2020/10/28 4:09:53 PM GMT-3","7","Engenharia de Petróleo","Campina Grande","Não","Algumas","Razoável","Não mudou","Igual","Pior","Raramente","Sim","Sim","Excelente","Bom","Menos exigentes","Igual","Não sei/Não quero responder","Regular","Excelente"
"2020/10/28 4:48:33 PM GMT-3","7","Engenharia Elétrica","Campina Grande","Não sei/Não quero responder","Algumas","Bom","Não mudou","Pior","Não sei/Não quero responder","Frequentemente","Sim","Sim","Boa","Razoável","Mais exigentes","Maior","Não","Boa","Bom"
"2020/10/28 6:04:39 PM GMT-3","8","Engenharia de Petróleo","Campina Grande","Sim","Todas","Excelente","Melhorou","Igual","Não afetou","Raramente","Sim","Nao","Excelente","Excelente","Tão exigentes quanto","Igual","Não","Regular","Bom"
"2020/10/28 6:24:11 PM GMT-3","2","Arte e Mídia","Campina Grande","Sim","Algumas","Razoável","Não sei/Não quero responder","Não sei/Não quero responder","Não afetou","Raramente","Sim","Nao","Razoável","Razoável","Não sei/Não quero responder","Não sei/Não quero responder","Não","Ruim","Bom"
"2020/10/28 7:17:42 PM GMT-3","7","Engenharia de Petróleo","Campina Grande","Não","Algumas","Razoável","Não mudou","Pior","Pior","Raramente","Não","Sim","Razoável","Bom","Mais exigentes","Muito maior","Sim","Ruim","Regular"
"2020/10/28 7:23:55 PM GMT-3","3","História","Cajazeiras","Sim","Todas","Ruim","Não mudou","Pior","Não afetou","Frequentemente","Sim","Nao","Excelente","Bom","Menos exigentes","Menor","Não","Regular","Excelente"
"2020/10/28 9:50:03 PM GMT-3","10","História","Cajazeiras","Não","Todas","Razoável","Não mudou","Pior","Pior","Raramente","Sim","Não passo por essas dificuldades","Boa","Razoável","Mais exigentes","Muito maior","Sim","Regular","Regular"
"2020/10/28 11:25:06 PM GMT-3","8","Engenharia de Petróleo","Campina Grande","Não","Algumas","Ruim","Piorou","Pior","Pior","Raramente","Não","Sim","Ruim","Insuficiente","Mais exigentes","Muito maior","Sim","Péssima","Regular"
"2020/10/29 6:28:28 AM GMT-3","1","Engenharia de Petróleo","Campina Grande","Não","Algumas","Não sei/Não quero responder","Não sei/Não quero responder","Não sei/Não quero responder","Não afetou","Frequentemente","Sim","Nao","Razoável","Não sei/Não quero responder","Mais exigentes","Maior","Não","Regular","Regular"
"2020/10/29 8:29:12 AM GMT-3","9","Engenharia de Petróleo","Campina Grande","Sim","Todas","Ruim","Não mudou","Pior","Não afetou","Raramente","Sim","Sim","Razoável","Insuficiente","Mais exigentes","Muito maior","Sim","Péssima","Bom"
"2020/10/29 8:34:43 AM GMT-3","1","Estatística","Campina Grande","Não","Algumas","Bom","Melhorou","Melhor","Melhor","Raramente","Não sei/Não quero responder","Não sei/Não quero responder","Razoável","Razoável","Tão exigentes quanto","Igual","Não sei/Não quero responder","Excelente","Excelente"
"2020/10/29 9:15:40 AM GMT-3","4","Engenharia Elétrica","Campina Grande","Não","Algumas","Ruim","Melhorou","Igual","Não sei/Não quero responder","Raramente","Sim","Sim","Boa","Não sei/Não quero responder","Mais exigentes","Muito maior","Não","Péssima","Regular"
"2020/10/29 9:33:29 AM GMT-3","9","Engenharia de Petróleo","Campina Grande","Não","Todas","Razoável","Melhorou","Pior","Não afetou","Raramente","Sim","Não passo por essas dificuldades","Ruim","Razoável","Menos exigentes","Muito maior","Sim","Péssima","Bom"
"2020/10/29 9:39:25 AM GMT-3","7","Engenharia de Petróleo","Campina Grande","Não sei/Não quero responder","Algumas","Razoável","Piorou","Pior","Pior","Nunca","Não","Não passo por essas dificuldades","Ruim","Razoável","Mais exigentes","Maior","Não sei/Não quero responder","Regular","Bom"
"2020/10/29 10:20:06 AM GMT-3","3","História","Cajazeiras","Sim","Algumas","Razoável","Piorou","Pior","Pior","Frequentemente","Sim","Sim","Razoável","Razoável","Tão exigentes quanto","Maior","Sim","Regular","Regular"
"2020/10/29 12:10:48 PM GMT-3","6","Engenharia Elétrica","Campina Grande","Sim","Todas","Ruim","Não sei/Não quero responder","Pior","Pior","Raramente","Sim","Sim","Não sei/Não quero responder","Razoável","Mais exigentes","Muito maior","Sim","Péssima","Excelente"
"2020/10/29 2:02:45 PM GMT-3","1","História","Cajazeiras","Não sei/Não quero responder","Nenhuma","Ruim","Não sei/Não quero responder","Pior","Pior","Frequentemente","Não sei/Não quero responder","Sim","Boa","Não sei/Não quero responder","Mais exigentes","Maior","Sim","Não sei/Não quero responder","Não sei/Não quero responder"
"2020/10/29 3:12:57 PM GMT-3","4","Psicologia","Campina Grande","Não","Algumas","Péssimo","Piorou","Pior","Pior","Raramente","Sim","Sim","Razoável","Insuficiente","Tão exigentes quanto","Muito maior","Não sei/Não quero responder","Péssima","Ruim"
"2020/10/29 4:01:18 PM GMT-3","8","Geografia","Cajazeiras","Não","Todas","Razoável","Melhorou","Melhor","Pior","Frequentemente","Não","Sim","Razoável","Razoável","Mais exigentes","Muito maior","Sim","Regular","Péssimo"
"2020/10/29 4:01:44 PM GMT-3","6","Geografia","Cajazeiras","Sim","Todas","Péssimo","Não mudou","Pior","Pior","Frequentemente","Não","Sim","Ruim","Insuficiente","Mais exigentes","Muito maior","Não","Ruim","Regular"
"2020/10/29 4:02:11 PM GMT-3","2","Geografia","Cajazeiras","Sim","Todas","Razoável","Piorou","Pior","Não afetou","Nunca","Sim","Não passo por essas dificuldades","Boa","Bom","Tão exigentes quanto","Maior","Sim","Boa","Excelente"
"2020/10/29 4:03:45 PM GMT-3","6","Geografia","Cajazeiras","Não sei/Não quero responder","Algumas","Razoável","Piorou","Pior","Não sei/Não quero responder","Raramente","Não","Sim","Razoável","Inexistente","Tão exigentes quanto","Igual","Sim","Regular","Regular"
"2020/10/29 4:04:30 PM GMT-3","4","Geografia","Cajazeiras","Não","Todas","Razoável","Melhorou","Igual","Melhor","Raramente","Sim","Sim","Boa","Razoável","Mais exigentes","Muito maior","Sim","Excelente","Excelente"
"2020/10/29 4:05:10 PM GMT-3","3","Geografia","Cajazeiras","Não","Algumas","Ruim","Piorou","Pior","Pior","Raramente","Não","Não passo por essas dificuldades","Boa","Insuficiente","Mais exigentes","Maior","Não","Regular","Regular"
"2020/10/29 4:05:33 PM GMT-3","1","Geografia","Cajazeiras","Sim","Todas","Ruim","Piorou","Não sei/Não quero responder","Pior","Frequentemente","Não sei/Não quero responder","Sim","Razoável","Razoável","Mais exigentes","Muito maior","Sim","Ruim","Regular"
"2020/10/29 4:07:47 PM GMT-3","4","Geografia","Cajazeiras","Sim","Todas","Bom","Não mudou","Pior","Não afetou","Raramente","Sim","Nao","Boa","Excelente","Tão exigentes quanto","Maior","Não sei/Não quero responder","Boa","Bom"
"2020/10/29 4:10:43 PM GMT-3","2","Geografia","Cajazeiras","Sim","Todas","Ruim","Piorou","Pior","Pior","Frequentemente","Não","Sim","Razoável","Bom","Tão exigentes quanto","Maior","Não","Boa","Regular"
"2020/10/29 4:10:58 PM GMT-3","6","Geografia","Cajazeiras","Não sei/Não quero responder","Algumas","Razoável","Piorou","Pior","Pior","Frequentemente","Não","Sim","Razoável","Inexistente","Mais exigentes","Muito maior","Sim","Regular","Regular"
"2020/10/29 4:11:07 PM GMT-3","2","Geografia","Cajazeiras","Sim","Todas","Ruim","Piorou","Pior","Não afetou","Frequentemente","Não","Sim","Razoável","Bom","Tão exigentes quanto","Muito maior","Sim","Boa","Excelente"
"2020/10/29 4:12:11 PM GMT-3","5","Geografia","Cajazeiras","Não","Todas","Bom","Não sei/Não quero responder","Pior","Pior","Raramente","Sim","Sim","Razoável","Razoável","Mais exigentes","Muito maior","Sim","Regular","Não sei/Não quero responder"
"2020/10/29 4:12:25 PM GMT-3","1","Geografia","Cajazeiras","Não sei/Não quero responder","Algumas","Razoável","Não mudou","Pior","Não afetou","Frequentemente","Não sei/Não quero responder","Sim","Boa","Não sei/Não quero responder","Não sei/Não quero responder","Igual","Não","Boa","Bom"
"2020/10/29 4:14:05 PM GMT-3","10","Geografia","Cajazeiras","Sim","Todas","Bom","Não mudou","Igual","Não afetou","Frequentemente","Sim","Sim","Boa","Razoável","Tão exigentes quanto","Igual","Sim","Regular","Bom"
"2020/10/29 4:15:31 PM GMT-3","7","Geografia","Cajazeiras","Sim","Algumas","Ruim","Piorou","Pior","Pior","Frequentemente","Não","Sim","Razoável","Insuficiente","Tão exigentes quanto","Maior","Não","Ruim","Excelente"
"2020/10/29 4:15:38 PM GMT-3","1","Geografia","Cajazeiras","Não sei/Não quero responder","Não sei/Não quero responder","Não sei/Não quero responder","Não sei/Não quero responder","Não sei/Não quero responder","Não afetou","Raramente","Não sei/Não quero responder","Sim","Não sei/Não quero responder","Não sei/Não quero responder","Não sei/Não quero responder","Não sei/Não quero responder","Não sei/Não quero responder","Não sei/Não quero responder","Não sei/Não quero responder"
"2020/10/29 4:20:53 PM GMT-3","1","Engenharia de Petróleo","Campina Grande","Sim","Todas","Ruim","Piorou","Pior","Não afetou","Raramente","Sim","Sim","Razoável","Inexistente","Não sei/Não quero responder","Muito maior","Sim","Regular","Excelente"
"2020/10/29 4:24:14 PM GMT-3","5","Geografia","Cajazeiras","Sim","Todas","Ruim","Piorou","Pior","Pior","Raramente","Não","Sim","Boa","Bom","Tão exigentes quanto","Muito maior","Sim","Boa","Bom"
"2020/10/29 4:31:33 PM GMT-3","3","Geografia","Cajazeiras","Não sei/Não quero responder","Todas","Razoável","Não mudou","Igual","Pior","Raramente","Não","Nao","Boa","Razoável","Tão exigentes quanto","Igual","Não","Excelente","Regular"
"2020/10/29 4:32:06 PM GMT-3","3","Geografia","Cajazeiras","Não","Algumas","Razoável","Piorou","Pior","Pior","Raramente","Não","Sim","Ruim","Razoável","Tão exigentes quanto","Muito maior","Sim","Regular","Regular"
"2020/10/29 4:35:17 PM GMT-3","3","Ciência da Computação","Campina Grande","Não","Nenhuma","Razoável","Piorou","Igual","Não afetou","Frequentemente","Sim","Sim","Boa","Excelente","Tão exigentes quanto","Maior","Sim","Regular","Bom"
"2020/10/29 4:35:23 PM GMT-3","5","Geografia","Cajazeiras","Não sei/Não quero responder","Todas","Razoável","Piorou","Pior","Não afetou","Frequentemente","Sim","Sim","Excelente","Bom","Tão exigentes quanto","Muito maior","Não","Excelente","Bom"
"2020/10/29 4:35:27 PM GMT-3","3","Geografia","Cajazeiras","Não","Todas","Razoável","Piorou","Pior","Pior","Frequentemente","Não sei/Não quero responder","Sim","Razoável","Razoável","Mais exigentes","Maior","Não sei/Não quero responder","Regular","Bom"
"2020/10/29 4:44:52 PM GMT-3","5","Geografia","Cajazeiras","Não sei/Não quero responder","Todas","Péssimo","Piorou","Pior","Pior","Raramente","Não","Sim","Razoável","Bom","Mais exigentes","Muito maior","Sim","Ruim","Bom"
"2020/10/29 4:52:36 PM GMT-3","3","Geografia","Cajazeiras","Não","Algumas","Razoável","Não mudou","Pior","Não afetou","Raramente","Não sei/Não quero responder","Sim","Boa","Inexistente","Tão exigentes quanto","Muito maior","Não","Ruim","Regular"
"2020/10/29 4:53:14 PM GMT-3","7","Geografia","Cajazeiras","Não sei/Não quero responder","Algumas","Razoável","Piorou","Igual","Não afetou","Raramente","Sim","Não sei/Não quero responder","Boa","Razoável","Menos exigentes","Igual","Não sei/Não quero responder","Ruim","Ruim"
"2020/10/29 4:53:29 PM GMT-3","5","Geografia","Cajazeiras","Não sei/Não quero responder","Todas","Excelente","Não mudou","Igual","Não afetou","Frequentemente","Sim","Sim","Razoável","Bom","Tão exigentes quanto","Maior","Não sei/Não quero responder","Boa","Excelente"
"2020/10/29 4:53:48 PM GMT-3","3","Geografia","Cajazeiras","Não sei/Não quero responder","Todas","Bom","Não mudou","Pior","Não afetou","Frequentemente","Sim","Sim","Boa","Bom","Menos exigentes","Muito maior","Não sei/Não quero responder","Boa","Bom"
"2020/10/29 4:54:47 PM GMT-3","1","Geografia","Cajazeiras","Não","Algumas","Razoável","Não sei/Não quero responder","Pior","Pior","Raramente","Sim","Sim","Boa","Razoável","Não sei/Não quero responder","Muito maior","Sim","Regular","Regular"
"2020/10/29 4:58:22 PM GMT-3","10","História","Cajazeiras","Não","Todas","Péssimo","Piorou","Pior","Melhor","Frequentemente","Não","Sim","Boa","Inexistente","Mais exigentes","Muito maior","Sim","Ruim","Excelente"
"2020/10/29 5:14:59 PM GMT-3","2","Geografia","Cajazeiras","Sim","Todas","Ruim","Piorou","Pior","Pior","Frequentemente","Sim","Sim","Boa","Razoável","Tão exigentes quanto","Maior","Sim","Boa","Bom"
"2020/10/29 5:16:59 PM GMT-3","5","Geografia","Cajazeiras","Não","Algumas","Péssimo","Piorou","Pior","Pior","Frequentemente","Sim","Sim","Péssima","Razoável","Mais exigentes","Muito maior","Sim","Péssima","Regular"
"2020/10/29 5:24:36 PM GMT-3","3","Geografia","Cajazeiras","Não","Algumas","Razoável","Não sei/Não quero responder","Não sei/Não quero responder","Pior","Frequentemente","Sim","Sim","Boa","Insuficiente","Menos exigentes","Igual","Não sei/Não quero responder","Regular","Regular"
"2020/10/29 5:40:08 PM GMT-3","9","Geografia","Cajazeiras","Sim","Todas","Excelente","Melhorou","Melhor","Não afetou","Raramente","Sim","Nao","Boa","Bom","Tão exigentes quanto","Igual","Não","Boa","Bom"
"2020/10/29 5:45:02 PM GMT-3","5","Geografia","Cajazeiras","Sim","Todas","Razoável","Piorou","Pior","Pior","Frequentemente","Sim","Sim","Boa","Razoável","Mais exigentes","Muito maior","Sim","Boa","Bom"
"2020/10/29 5:59:50 PM GMT-3","2","Geografia","Cajazeiras","Sim","Todas","Bom","Não mudou","Igual","Melhor","Raramente","Sim","Sim","Razoável","Bom","Menos exigentes","Maior","Não","Regular","Bom"
"2020/10/29 6:10:44 PM GMT-3","2","Geografia","Cajazeiras","Sim","Todas","Razoável","Piorou","Pior","Pior","Raramente","Sim","Sim","Boa","Bom","Tão exigentes quanto","Igual","Não","Boa","Bom"
"2020/10/29 6:13:19 PM GMT-3","1","Geografia","Cajazeiras","Sim","Todas","Razoável","Melhorou","Igual","Pior","Frequentemente","Sim","Sim","Boa","Razoável","Menos exigentes","Igual","Não","Regular","Bom"
"2020/10/29 6:14:06 PM GMT-3","4","Geografia","Cajazeiras","Sim","Todas","Ruim","Piorou","Pior","Não afetou","Raramente","Sim","Sim","Boa","Bom","Mais exigentes","Muito maior","Sim","Boa","Excelente"
"2020/10/29 6:18:44 PM GMT-3","1","Geografia","Cajazeiras","Sim","Todas","Bom","Não mudou","Igual","Não afetou","Frequentemente","Sim","Nao","Boa","Bom","Menos exigentes","Menor","Não","Boa","Excelente"
"2020/10/29 6:50:05 PM GMT-3","1","Geografia","Cajazeiras","Não sei/Não quero responder","Algumas","Péssimo","Piorou","Pior","Pior","Frequentemente","Sim","Sim","Boa","Excelente","Mais exigentes","Muito maior","Sim","Regular","Excelente"
"2020/10/29 6:58:55 PM GMT-3","4","Geografia","Cajazeiras","Não sei/Não quero responder","Todas","Bom","Não sei/Não quero responder","Não sei/Não quero responder","Não sei/Não quero responder","Frequentemente","Sim","Sim","Boa","Bom","Mais exigentes","Muito maior","Não sei/Não quero responder","Boa","Bom"
"2020/10/29 6:59:07 PM GMT-3","3","Geografia","Cajazeiras","Não","Algumas","Ruim","Piorou","Pior","Pior","Frequentemente","Não","Sim","Razoável","Insuficiente","Mais exigentes","Maior","Não sei/Não quero responder","Não sei/Não quero responder","Não sei/Não quero responder"
"2020/10/29 7:05:43 PM GMT-3","8","Geografia","Cajazeiras","Sim","Todas","Bom","Não mudou","Pior","Pior","Frequentemente","Sim","Sim","Boa","Razoável","Tão exigentes quanto","Igual","Não","Boa","Bom"
"2020/10/29 7:34:32 PM GMT-3","4","Geografia","Cajazeiras","Não","Todas","Razoável","Piorou","Pior","Pior","Frequentemente","Sim","Sim","Boa","Razoável","Mais exigentes","Muito maior","Sim","Boa","Bom"
"2020/10/29 7:38:13 PM GMT-3","3","Estatística","Campina Grande","Não","Algumas","Razoável","Piorou","Pior","Pior","Frequentemente","Não","Sim","Razoável","Insuficiente","Mais exigentes","Maior","Sim","Regular","Excelente"
"2020/10/29 7:47:27 PM GMT-3","8","Geografia","Cajazeiras","Não","Todas","Bom","Não mudou","Igual","Não afetou","Frequentemente","Não","Sim","Boa","Razoável","Tão exigentes quanto","Igual","Não","Boa","Bom"
"2020/10/29 7:47:42 PM GMT-3","3","Geografia","Cajazeiras","Não","Algumas","Bom","Melhorou","Pior","Não afetou","Frequentemente","Não","Sim","Razoável","Insuficiente","Tão exigentes quanto","Maior","Não sei/Não quero responder","Boa","Excelente"
"2020/10/29 8:02:48 PM GMT-3","7","Geografia","Cajazeiras","Sim","Todas","Razoável","Piorou","Pior","Pior","Raramente","Sim","Sim","Boa","Bom","Tão exigentes quanto","Muito maior","Sim","Boa","Excelente"
"2020/10/29 8:14:14 PM GMT-3","5","Geografia","Cajazeiras","Sim","Todas","Ruim","Não mudou","Pior","Pior","Frequentemente","Sim","Sim","Boa","Bom","Mais exigentes","Muito maior","Sim","Regular","Regular"
"2020/10/29 8:17:58 PM GMT-3","3","Geografia","Cajazeiras","Sim","Algumas","Razoável","Piorou","Pior","Pior","Raramente","Sim","Sim","Boa","Bom","Tão exigentes quanto","Muito maior","Sim","Boa","Excelente"
"2020/10/29 8:48:14 PM GMT-3","10","Design","Campina Grande","Sim","Algumas","Razoável","Não sei/Não quero responder","Pior","Não sei/Não quero responder","Raramente","Sim","Nao","Boa","Bom","Tão exigentes quanto","Igual","Não","Ruim","Bom"
"2020/10/29 9:44:07 PM GMT-3","1","Geografia","Cajazeiras","Não sei/Não quero responder","Não sei/Não quero responder","Bom","Não sei/Não quero responder","Não sei/Não quero responder","Não sei/Não quero responder","Frequentemente","Não sei/Não quero responder","Não sei/Não quero responder","Não sei/Não quero responder","Bom","Mais exigentes","Muito menor","Não","Excelente","Bom"
"2020/10/29 9:48:33 PM GMT-3","3","Geografia","Cajazeiras","Não","Algumas","Razoável","Não mudou","Igual","Não sei/Não quero responder","Nunca","Não","Sim","Boa","Bom","Mais exigentes","Muito maior","Sim","Boa","Bom"
"2020/10/29 9:50:54 PM GMT-3","8","Geografia","Cajazeiras","Não","Todas","Bom","Não mudou","Pior","Pior","Frequentemente","Não","Sim","Boa","Razoável","Tão exigentes quanto","Muito maior","Não sei/Não quero responder","Boa","Bom"
"2020/10/29 10:07:39 PM GMT-3","5","Geografia","Cajazeiras","Não sei/Não quero responder","Todas","Razoável","Piorou","Pior","Pior","Frequentemente","Sim","Sim","Razoável","Bom","Tão exigentes quanto","Maior","Sim","Boa","Bom"
"2020/10/29 10:16:51 PM GMT-3","9","Geografia","Cajazeiras","Sim","Todas","Excelente","Melhorou","Melhor","Não afetou","Raramente","Sim","Nao","Boa","Bom","Tão exigentes quanto","Igual","Não","Boa","Bom"
"2020/10/29 10:42:54 PM GMT-3","2","Geografia","Cajazeiras","Não","Algumas","Bom","Não mudou","Pior","Não afetou","Raramente","Sim","Nao","Boa","Razoável","Menos exigentes","Igual","Não","Boa","Bom"
"2020/10/30 2:57:55 AM GMT-3","1","Geografia","Cajazeiras","Não","Nenhuma","Razoável","Piorou","Igual","Não afetou","Raramente","Não","Não sei/Não quero responder","Razoável","Inexistente","Menos exigentes","Maior","Não","Boa","Regular"
"2020/10/30 8:37:38 AM GMT-3","8","Geografia","Cajazeiras","Sim","Todas","Razoável","Não mudou","Igual","Não afetou","Frequentemente","Sim","Sim","Boa","Razoável","Mais exigentes","Maior","Sim","Boa","Excelente"
"2020/10/30 8:38:29 AM GMT-3","2","Geografia","Cajazeiras","Sim","Todas","Ruim","Piorou","Pior","Pior","Frequentemente","Sim","Sim","Razoável","Razoável","Tão exigentes quanto","Maior","Não sei/Não quero responder","Ruim","Bom"
"2020/10/30 8:55:55 AM GMT-3","8","Geografia","Cajazeiras","Sim","Todas","Razoável","Não mudou","Igual","Não sei/Não quero responder","Raramente","Não sei/Não quero responder","Não sei/Não quero responder","Boa","Não sei/Não quero responder","Mais exigentes","Maior","Sim","Boa","Bom"
"2020/10/30 9:46:19 AM GMT-3","8","Geografia","Cajazeiras","Não","Todas","Péssimo","Piorou","Pior","Pior","Raramente","Não","Sim","Ruim","Inexistente","Mais exigentes","Muito maior","Sim","Ruim","Regular"
"2020/10/30 9:57:11 AM GMT-3","2","Engenharia Elétrica","Campina Grande","Não","Algumas","Razoável","Não sei/Não quero responder","Pior","Pior","Raramente","Sim","Não sei/Não quero responder","Ruim","Insuficiente","Tão exigentes quanto","Maior","Sim","Péssima","Regular"
"2020/10/30 10:02:43 AM GMT-3","4","Geografia","Cajazeiras","Não","Todas","Razoável","Não mudou","Igual","Não afetou","Frequentemente","Sim","Sim","Razoável","Razoável","Mais exigentes","Maior","Não","Boa","Regular"
"2020/10/30 10:03:33 AM GMT-3","4","Geografia","Cajazeiras","Sim","Todas","Razoável","Não mudou","Igual","Pior","Raramente","Não","Sim","Boa","Razoável","Mais exigentes","Muito maior","Sim","Regular","Regular"
"2020/10/30 10:06:05 AM GMT-3","5","Ciências Biológicas","Cajazeiras","Não","Todas","Razoável","Piorou","Pior","Não afetou","Frequentemente","Não","Sim","Boa","Bom","Tão exigentes quanto","Igual","Não","Ruim","Bom"
"2020/10/30 10:40:16 AM GMT-3","8","Geografia","Cajazeiras","Sim","Todas","Bom","Não mudou","Igual","Não afetou","Frequentemente","Sim","Sim","Boa","Razoável","Tão exigentes quanto","Muito maior","Não","Regular","Bom"
"2020/10/30 1:58:57 PM GMT-3","6","Arte e Mídia","Campina Grande","Não","Algumas","Razoável","Não sei/Não quero responder","Pior","Não sei/Não quero responder","Raramente","Sim","Não sei/Não quero responder","Razoável","Razoável","Não sei/Não quero responder","Maior","Sim","Regular","Não sei/Não quero responder"